<?xml version="1.0" encoding="utf-8"?>
<!--/12008831/1207301/2.50/2/3/Switch/-->
<quadcept_library>
  <setting unit="mil" />
  <textstyle name="Default" height="47.244094488189" strokewidth="7.8740157480315" charwidth="47.244094488189" />
  <textstyle name="Dimension" height="19.6850393700787" strokewidth="0" charwidth="19.6850393700787" />
  <textstyle name="H127W0635TH00762" height="50" strokewidth="3" charwidth="25" />
  <textstyle name="H15W15TH02" height="59.0551181102362" strokewidth="7.8740157480315" charwidth="59.0551181102362" />
  <padstyle name="s200" surface="True" plated="False" isvia="False" nopaste="False" nomask="True" complex="False" holesize="0">
    <padshape layer="TOP" shape="square" width="78.740157480314" height="78.740157480314" />
    <padshape layer="TOP_SOLDER_MASK" shape="square" width="86.614173228345" height="86.614173228345" />
    <padshape layer="TOP_SOLDER_PASTE" shape="square" width="78.740157480314" height="78.740157480314" />
  </padstyle>
  <footprint name="EVPASAC1A" originx="0" originy="0" pickpointx="0" pickpointy="0">
    <pcbpin number="1" name="A1" style="s200" originx="-118.11023622047" originy="0" rotation="90" />
    <pcbpin number="2" name="B1" style="s200" originx="118.11023622047" originy="0" rotation="90" />
    <line layer="TOP_ASSEMBLY" originx="-118.11023622047" originy="120.07874015748" endx="118.11023622047" endy="120.07874015748" width="3.9370078740157" />
    <line layer="TOP_ASSEMBLY" originx="118.11023622047" originy="120.07874015748" endx="118.11023622047" endy="-120.07874015748" width="3.9370078740157" />
    <line layer="TOP_ASSEMBLY" originx="118.11023622047" originy="-120.07874015748" endx="-118.11023622047" endy="-120.07874015748" width="3.9370078740157" />
    <line layer="TOP_ASSEMBLY" originx="-118.11023622047" originy="-120.07874015748" endx="-118.11023622047" endy="120.07874015748" width="3.9370078740157" />
    <line layer="TOP_PLACE_BOUND" originx="-196.85039370078" originy="159.44881889764" endx="196.85039370078" endy="159.44881889764" width="3.9370078740157" />
    <line layer="TOP_PLACE_BOUND" originx="196.85039370078" originy="159.44881889764" endx="196.85039370078" endy="-159.44881889764" width="3.9370078740157" />
    <line layer="TOP_PLACE_BOUND" originx="196.85039370078" originy="-159.44881889764" endx="-196.85039370078" endy="-159.44881889764" width="3.9370078740157" />
    <line layer="TOP_PLACE_BOUND" originx="-196.85039370078" originy="-159.44881889764" endx="-196.85039370078" endy="159.44881889764" width="3.9370078740157" />
    <line layer="TOP_SILKSCREEN" originx="-118.11023622047" originy="55.11811023622" endx="-118.11023622047" endy="120.07874015748" width="7.8740157480314" />
    <line layer="TOP_SILKSCREEN" originx="-118.11023622047" originy="120.07874015748" endx="118.11023622047" endy="120.07874015748" width="7.8740157480314" />
    <line layer="TOP_SILKSCREEN" originx="118.11023622047" originy="120.07874015748" endx="118.11023622047" endy="55.11811023622" width="7.8740157480314" />
    <line layer="TOP_SILKSCREEN" originx="-118.11023622047" originy="-55.11811023622" endx="-118.11023622047" endy="-120.07874015748" width="7.8740157480314" />
    <line layer="TOP_SILKSCREEN" originx="-118.11023622047" originy="-120.07874015748" endx="118.11023622047" endy="-118.11023622047" width="7.8740157480314" />
    <line layer="TOP_SILKSCREEN" originx="118.11023622047" originy="-118.11023622047" endx="118.11023622047" endy="-55.11811023622" width="7.8740157480314" />
    <line layer="TOP_SILKSCREEN" originx="-181.10236220472" originy="0" endx="-181.10236220472" endy="0" width="3.9370078740157" />
    <arc layer="TOP_SILKSCREEN" originx="-179.13385826771" originy="0" startangle="-180.0" sweepangle="180.0" radius="1.9685039370079" width="3.9370078740157" />
    <line layer="TOP_SILKSCREEN" originx="-177.16535433071" originy="0" endx="-177.16535433071" endy="0" width="3.9370078740157" />
    <arc layer="TOP_SILKSCREEN" originx="-179.13385826771" originy="0" startangle=".0" sweepangle="180.0" radius="1.9685039370079" width="3.9370078740157" />
  </footprint>
  <symbol name="EVP-ASAC1A" originx="0" originy="0">
    <line originx="200" originy="100" endx="700" endy="100" width="0" />
    <line originx="700" originy="-200" endx="700" endy="100" width="0" />
    <line originx="700" originy="-200" endx="200" endy="-200" width="0" />
    <line originx="200" originy="100" endx="200" endy="-200" width="0" />
    <sympin number="1" originx="200" originy="0" rotation="180" length="100" width="7.8740157480315" flipped="False">
      <text name="pinname" originx="230" originy="0" style="Default" rotation="0" justify="left" flipped="False" hidden="False" data="COM" />
      <text name="pindes" originx="140" originy="20" style="Default" rotation="0" justify="lowerright" flipped="False" hidden="False" data="A1" />
    </sympin>
    <sympin number="2" originx="200" originy="-100" rotation="180" length="100" width="7.8740157480315" flipped="False">
      <text name="pinname" originx="230" originy="-100" style="Default" rotation="0" justify="left" flipped="False" hidden="False" data="NO" />
      <text name="pindes" originx="140" originy="-80" style="Default" rotation="0" justify="lowerright" flipped="False" hidden="False" data="B1" />
    </sympin>
  </symbol>
  <component name="EVP-ASAC1A" designatorprefix="S" height="204.72440944882" footprint="EVPASAC1A">
    <comppin designator="A1" sympin="1" pinswap="0" gateswap="0" gate="1" group="1" side="" type="Any" name="COM" />
    <comppin designator="B1" sympin="2" pinswap="0" gateswap="0" gate="1" group="1" side="" type="Any" name="NO" />
    <attached_symbol gate="1" name="EVP-ASAC1A" />
    <pinmap designator="A1" footprintpin="1" />
    <pinmap designator="B1" footprintpin="2" />
    <text name="Datasheet" originx="0" originy="0" style="Default" rotation="0" justify="" flipped="False" hidden="True" data="https://www3.panasonic.biz/ac/cdn/e/control/switch/light-touch/catalog/sw_lt_eng_6s_long_2t.pdf" />
    <text name="Description" originx="0" originy="0" style="Default" rotation="0" justify="" flipped="False" hidden="True" data="Tactile Switches Swtch Lite Touch SMD 5mm ht J-bent 1.6N" />
    <text name="Mouser Part Number" originx="0" originy="0" style="Default" rotation="0" justify="" flipped="False" hidden="True" data="667-EVP-ASAC1A" />
    <text name="Mouser Price/Stock" originx="0" originy="0" style="Default" rotation="0" justify="" flipped="False" hidden="True" data="https://www.mouser.co.uk/ProductDetail/Panasonic/EVP-ASAC1A?qs=aeOb9a4xWfmZSZe%2FBR5y%252BA%3D%3D" />
    <text name="Manufacturer_Name" originx="0" originy="0" style="Default" rotation="0" justify="" flipped="False" hidden="True" data="Panasonic" />
    <text name="Manufacturer_Part_Number" originx="750" originy="200" style="Default" rotation="0" justify="left" flipped="False" hidden="False" data="EVP-ASAC1A" />
  </component>
</quadcept_library>
