<?xml version="1.0" encoding="utf-8"?>
<!--/2012078/1207301/2.50/2/0/Switch/-->
<quadcept_library>
  <setting unit="mil" />
  <textstyle name="Default" height="47.244094488189" strokewidth="7.8740157480315" charwidth="47.244094488189" />
  <textstyle name="Dimension" height="19.6850393700787" strokewidth="0" charwidth="19.6850393700787" />
  <textstyle name="H127W0635TH00762" height="50" strokewidth="3" charwidth="25" />
  <textstyle name="H15W15TH02" height="59.0551181102362" strokewidth="7.8740157480315" charwidth="59.0551181102362" />
  <padstyle name="r200_200" surface="True" plated="False" isvia="False" nopaste="False" nomask="True" complex="False" holesize="0">
    <padshape layer="TOP" shape="rectangle" width="78.740157480314" height="78.740157480314" />
    <padshape layer="TOP_SOLDER_MASK" shape="rectangle" width="86.614173228345" height="86.614173228345" />
    <padshape layer="TOP_SOLDER_PASTE" shape="rectangle" width="78.740157480314" height="78.740157480314" />
  </padstyle>
  <footprint name="EVPASKC1A" originx="0" originy="0" pickpointx="0" pickpointy="0">
    <pcbpin number="1" name="A1" style="r200_200" originx="-118.11023622047" originy="0" rotation="0" />
    <pcbpin number="2" name="B1" style="r200_200" originx="118.11023622047" originy="0" rotation="0" />
    <line layer="TOP_ASSEMBLY" originx="-118.11023622047" originy="120.07874015748" endx="118.11023622047" endy="120.07874015748" width="7.8740157480314" />
    <line layer="TOP_ASSEMBLY" originx="118.11023622047" originy="120.07874015748" endx="118.11023622047" endy="-120.07874015748" width="7.8740157480314" />
    <line layer="TOP_ASSEMBLY" originx="118.11023622047" originy="-120.07874015748" endx="-118.11023622047" endy="-120.07874015748" width="7.8740157480314" />
    <line layer="TOP_ASSEMBLY" originx="-118.11023622047" originy="-120.07874015748" endx="-118.11023622047" endy="120.07874015748" width="7.8740157480314" />
    <line layer="TOP_PLACE_BOUND" originx="-236.22047244094" originy="159.44881889764" endx="196.85039370078" endy="159.44881889764" width="3.9370078740157" />
    <line layer="TOP_PLACE_BOUND" originx="196.85039370078" originy="159.44881889764" endx="196.85039370078" endy="-159.44881889764" width="3.9370078740157" />
    <line layer="TOP_PLACE_BOUND" originx="196.85039370078" originy="-159.44881889764" endx="-236.22047244094" endy="-159.44881889764" width="3.9370078740157" />
    <line layer="TOP_PLACE_BOUND" originx="-236.22047244094" originy="-159.44881889764" endx="-236.22047244094" endy="159.44881889764" width="3.9370078740157" />
    <line layer="TOP_SILKSCREEN" originx="-118.11023622047" originy="120.07874015748" endx="118.11023622047" endy="120.07874015748" width="3.9370078740157" />
    <line layer="TOP_SILKSCREEN" originx="-118.11023622047" originy="-120.07874015748" endx="118.11023622047" endy="-120.07874015748" width="3.9370078740157" />
    <line layer="TOP_SILKSCREEN" originx="-196.85039370078" originy="0" endx="-196.85039370078" endy="0" width="7.8740157480314" />
    <arc layer="TOP_SILKSCREEN" originx="-192.91338582677" originy="0" startangle="-180.0" sweepangle="180.0" radius="3.9370078740157" width="7.8740157480314" />
    <line layer="TOP_SILKSCREEN" originx="-188.97637795275" originy="0" endx="-188.97637795275" endy="0" width="7.8740157480314" />
    <arc layer="TOP_SILKSCREEN" originx="-192.91338582677" originy="0" startangle=".0" sweepangle="180.0" radius="3.9370078740157" width="7.8740157480314" />
  </footprint>
  <symbol name="EVP-ASKC1A" originx="0" originy="0">
    <line originx="200" originy="100" endx="700" endy="100" width="0" />
    <line originx="700" originy="-200" endx="700" endy="100" width="0" />
    <line originx="700" originy="-200" endx="200" endy="-200" width="0" />
    <line originx="200" originy="100" endx="200" endy="-200" width="0" />
    <sympin number="1" originx="200" originy="0" rotation="180" length="100" width="7.8740157480315" flipped="False">
      <text name="pinname" originx="230" originy="0" style="Default" rotation="0" justify="left" flipped="False" hidden="False" data="COM" />
      <text name="pindes" originx="140" originy="20" style="Default" rotation="0" justify="lowerright" flipped="False" hidden="False" data="A1" />
    </sympin>
    <sympin number="2" originx="200" originy="-100" rotation="180" length="100" width="7.8740157480315" flipped="False">
      <text name="pinname" originx="230" originy="-100" style="Default" rotation="0" justify="left" flipped="False" hidden="False" data="NO" />
      <text name="pindes" originx="140" originy="-80" style="Default" rotation="0" justify="lowerright" flipped="False" hidden="False" data="B1" />
    </sympin>
  </symbol>
  <component name="EVP-ASKC1A" designatorprefix="S" height="204.72440944882" footprint="EVPASKC1A">
    <comppin designator="A1" sympin="1" pinswap="0" gateswap="0" gate="1" group="1" side="" type="Any" name="COM" />
    <comppin designator="B1" sympin="2" pinswap="0" gateswap="0" gate="1" group="1" side="" type="Any" name="NO" />
    <attached_symbol gate="1" name="EVP-ASKC1A" />
    <pinmap designator="A1" footprintpin="1" />
    <pinmap designator="B1" footprintpin="2" />
    <text name="Datasheet" originx="0" originy="0" style="Default" rotation="0" justify="" flipped="False" hidden="True" data="https://industrial.panasonic.com/ac/cdn/e/control/switch/light-touch/catalog/sw_lt_eng_6s_long_2t.pdf" />
    <text name="Description" originx="0" originy="0" style="Default" rotation="0" justify="" flipped="False" hidden="True" data="Tactile Switches 3N 6x6.1x5mm 1.3mm Travel Black" />
    <text name="Mouser Part Number" originx="0" originy="0" style="Default" rotation="0" justify="" flipped="False" hidden="True" data="667-EVP-ASKC1A" />
    <text name="Mouser Price/Stock" originx="0" originy="0" style="Default" rotation="0" justify="" flipped="False" hidden="True" data="https://www.mouser.co.uk/ProductDetail/Panasonic/EVP-ASKC1A?qs=gTYE2QTfZfQol0eOIUHCMQ%3D%3D" />
    <text name="Manufacturer_Name" originx="0" originy="0" style="Default" rotation="0" justify="" flipped="False" hidden="True" data="Panasonic" />
    <text name="Manufacturer_Part_Number" originx="750" originy="200" style="Default" rotation="0" justify="left" flipped="False" hidden="False" data="EVP-ASKC1A" />
  </component>
</quadcept_library>
