Day;Hour;Wave;Acc Mag ;Moving Avg Acc MAG(3);Moving Avg Acc MAG(4);Moving Avg Acc MAG(5);Moving Avg Acc MAG(6)
23/10/2024; 18:48:23;0;1,050788;1,050788;1,050788;1,050788;1,050788
23/10/2024; 18:48:23;0;1,050788;1,050788;1,050788;1,050788;1,050788
23/10/2024; 18:48:23;0;1,046796;1,04391;1,04391;1,04391;1,04391
23/10/2024; 18:48:24;0;1,046796;1,04391;1,04391;1,04391;1,04391
23/10/2024; 18:48:24;0;1,033673;1,038205;1,041351;1,041351;1,041351
23/10/2024; 18:48:24;0;1,053325;1,044598;1,041985;1,043746;1,043746
23/10/2024; 18:48:24;0;1,040618;1,042539;1,043603;1,041712;1,043224
23/10/2024; 18:48:24;0;1,040618;1,042539;1,043603;1,041712;1,043224
23/10/2024; 18:48:24;0;1,023402;1,039115;1,037755;1,039563;1,03866
23/10/2024; 18:48:24;0;1,023402;1,039115;1,037755;1,039563;1,03866
23/10/2024; 18:48:24;0;1,02001;1,02801;1,034339;1,034206;1,036304
23/10/2024; 18:48:24;0;1,02001;1,02801;1,034339;1,034206;1,036304
23/10/2024; 18:48:24;0;1,053568;1,032327;1,0344;1,038185;1,037433
23/10/2024; 18:48:25;0;1,048249;1,040609;1,036307;1,037169;1,039862
23/10/2024; 18:48:25;0;0,98875;1,030189;1,027644;1,026796;1,0291
23/10/2024; 18:48:25;0;0,98875;1,030189;1,027644;1,026796;1,0291
23/10/2024; 18:48:25;0;1,086373;1,041124;1,044235;1,03939;1,036726
23/10/2024; 18:48:25;0;1,086373;1,041124;1,044235;1,03939;1,036726
23/10/2024; 18:48:25;0;1,001272;1,025465;1,031161;1,035643;1,033037
23/10/2024; 18:48:25;0;1,001272;1,025465;1,031161;1,035643;1,033037
23/10/2024; 18:48:25;0;1,077858;1,055168;1,038563;1,040501;1,042678
23/10/2024; 18:48:25;0;1,049635;1,042922;1,053785;1,040778;1,042023
23/10/2024; 18:48:25;0;1,019344;1,048946;1,037027;1,046897;1,037206
23/10/2024; 18:48:25;0;1,019344;1,048946;1,037027;1,046897;1,037206
23/10/2024; 18:48:25;0;1,020387;1,029789;1,041806;1,033699;1,042478
23/10/2024; 18:48:25;0;1,020387;1,029789;1,041806;1,033699;1,042478
23/10/2024; 18:48:25;0;1,03754;1,025757;1,031727;1,040953;1,034339
23/10/2024; 18:48:25;0;1,03754;1,025757;1,031727;1,040953;1,034339
23/10/2024; 18:48:26;0;1,060376;1,039434;1,034412;1,037456;1,04419
23/10/2024; 18:48:26;0;1,039261;1,045725;1,039391;1,035382;1,037757
23/10/2024; 18:48:26;0;1,039261;1,045725;1,039391;1,035382;1,037757
23/10/2024; 18:48:26;0;1,06509;1,054909;1,050566;1,044531;1,040333
23/10/2024; 18:48:26;0;0,98935;1,031233;1,038519;1,038323;1,035334
23/10/2024; 18:48:26;0;0,98935;1,031233;1,038519;1,038323;1,035334
23/10/2024; 18:48:26;0;1,04164;1,032026;1,033835;1,039143;1,038876
23/10/2024; 18:48:26;0;1,04164;1,032026;1,033835;1,039143;1,038876
23/10/2024; 18:48:26;0;1,100596;1,043862;1,049169;1,047187;1,049385
23/10/2024; 18:48:26;0;1,111415;1,08455;1,06075;1,061618;1,057892
23/10/2024; 18:48:26;0;1,111415;1,08455;1,06075;1,061618;1,057892
23/10/2024; 18:48:26;0;0,978427;1,063479;1,05802;1,044286;1,047753
23/10/2024; 18:48:26;0;0,978427;1,063479;1,05802;1,044286;1,047753
23/10/2024; 18:48:26;0;0,999885;1,029909;1,047581;1,046393;1,036886
23/10/2024; 18:48:26;0;1,00639;0,994901;1,024029;1,039343;1,039726
23/10/2024; 18:48:27;0;1,00639;0,994901;1,024029;1,039343;1,039726
23/10/2024; 18:48:27;0;1,072859;1,026378;1,01439;1,033795;1,044929
23/10/2024; 18:48:27;0;1,072859;1,026378;1,01439;1,033795;1,044929
23/10/2024; 18:48:27;0;1,023558;1,034269;1,025673;1,016224;1,032089
23/10/2024; 18:48:27;0;1,023558;1,034269;1,025673;1,016224;1,032089
23/10/2024; 18:48:27;0;1,131319;1,075912;1,058532;1,046802;1,035406
23/10/2024; 18:48:27;0;1,131319;1,075912;1,058532;1,046802;1,035406
23/10/2024; 18:48:27;0;0,93533;1,030069;1,040767;1,033891;1,028224
23/10/2024; 18:48:27;0;1,122675;1,063108;1,053221;1,057148;1,048689
23/10/2024; 18:48:27;0;1,122675;1,063108;1,053221;1,057148;1,048689
23/10/2024; 18:48:27;0;1,081874;1,046627;1,0678;1,058951;1,061269
23/10/2024; 18:48:27;0;1,023355;1,075968;1,040809;1,058911;1,053019
23/10/2024; 18:48:27;0;0,988294;1,031174;1,054049;1,030306;1,047141
23/10/2024; 18:48:27;0;0,988294;1,031174;1,054049;1,030306;1,047141
23/10/2024; 18:48:28;0;1,028135;1,013261;1,030414;1,048867;1,029944
23/10/2024; 18:48:28;0;1,028135;1,013261;1,030414;1,048867;1,029944
23/10/2024; 18:48:28;0;1,106542;1,04099;1,036581;1,04564;1,058479
23/10/2024; 18:48:28;0;1,106542;1,04099;1,036581;1,04564;1,058479
23/10/2024; 18:48:28;0;0,852848;0,995842;0,993955;0,999835;1,013508
23/10/2024; 18:48:28;0;0,852848;0,995842;0,993955;0,999835;1,013508
23/10/2024; 18:48:28;0;1,070202;1,009864;1,014432;1,009204;1,011563
23/10/2024; 18:48:28;0;1,054805;0,992618;1,021099;1,022506;1,016804
23/10/2024; 18:48:28;0;1,007757;1,044255;0,996403;1,018431;1,020048
23/10/2024; 18:48:28;0;1,007757;1,044255;0,996403;1,018431;1,020048
23/10/2024; 18:48:28;0;1,067415;1,043326;1,050045;1,010605;1,026595
23/10/2024; 18:48:28;0;1,067415;1,043326;1,050045;1,010605;1,026595
23/10/2024; 18:48:28;0;1,027677;1,034283;1,039413;1,045571;1,013451
23/10/2024; 18:48:28;0;1,077574;1,057555;1,045106;1,047045;1,050905
23/10/2024; 18:48:28;0;1,081656;1,062302;1,063581;1,052416;1,052814
23/10/2024; 18:48:29;0;1,116137;1,091789;1,075761;1,074092;1,063036
23/10/2024; 18:48:29;0;0,951011;1,049601;1,056594;1,050811;1,053578
23/10/2024; 18:48:29;0;0,951011;1,049601;1,056594;1,050811;1,053578
23/10/2024; 18:48:29;0;0,963494;1,010214;1,028075;1,037974;1,036258
23/10/2024; 18:48:29;0;0,963494;1,010214;1,028075;1,037974;1,036258
23/10/2024; 18:48:29;0;0,979485;0,964663;1,002532;1,018357;1,028226
23/10/2024; 18:48:29;0;1,068402;1,003794;0,990598;1,015706;1,026698
23/10/2024; 18:48:29;0;0,978326;1,008738;0,997427;0,988143;1,009476
23/10/2024; 18:48:29;0;1,139659;1,062129;1,041468;1,025873;1,013396
23/10/2024; 18:48:29;0;1,048843;1,055609;1,058807;1,042943;1,029701
23/10/2024; 18:48:29;0;0,98983;1,059444;1,039164;1,045012;1,034091
23/10/2024; 18:48:30;0;0,98983;1,059444;1,039164;1,045012;1,034091
23/10/2024; 18:48:30;0;1,015352;1,018008;1,048421;1,034402;1,040069
23/10/2024; 18:48:30;0;1,015352;1,018008;1,048421;1,034402;1,040069
23/10/2024; 18:48:30;0;1,037726;1,014303;1,022938;1,046282;1,034956
23/10/2024; 18:48:30;0;1,117685;1,056921;1,040148;1,041887;1,058182
23/10/2024; 18:48:30;0;1,117685;1,056921;1,040148;1,041887;1,058182
23/10/2024; 18:48:30;0;1,0178;1,057737;1,047141;1,035679;1,037873
23/10/2024; 18:48:30;0;1,06854;1,068008;1,060438;1,051421;1,041155
23/10/2024; 18:48:30;0;1,075975;1,054105;1,07;1,063545;1,055513
23/10/2024; 18:48:30;0;0,913483;1,019333;1,01895;1,038697;1,038535
23/10/2024; 18:48:30;0;0,913483;1,019333;1,01895;1,038697;1,038535
23/10/2024; 18:48:30;0;1,136542;1,042;1,048635;1,042468;1,055004
23/10/2024; 18:48:30;0;1,136542;1,042;1,048635;1,042468;1,055004
23/10/2024; 18:48:30;0;0,987741;1,012589;1,028435;1,036456;1,033347
23/10/2024; 18:48:30;0;0,987741;1,012589;1,028435;1,036456;1,033347
23/10/2024; 18:48:30;0;1,083924;1,069402;1,030422;1,039533;1,044367
23/10/2024; 18:48:31;0;1,083924;1,069402;1,030422;1,039533;1,044367
23/10/2024; 18:48:31;0;1,101881;1,057849;1,077522;1,044714;1,049924
23/10/2024; 18:48:31;0;0,966623;1,050809;1,035042;1,055342;1,031699
23/10/2024; 18:48:31;0;0,933469;1,000658;1,021474;1,014728;1,03503
23/10/2024; 18:48:31;0;1,021932;0,974008;1,005976;1,021566;1,015928
23/10/2024; 18:48:31;0;1,021932;0,974008;1,005976;1,021566;1,015928
23/10/2024; 18:48:31;0;1,021932;0,974008;1,005976;1,021566;1,015928
23/10/2024; 18:48:31;0;1,133211;1,029538;1,013809;1,031423;1,040173
23/10/2024; 18:48:31;0;1,133211;1,029538;1,013809;1,031423;1,040173
23/10/2024; 18:48:31;0;1,05337;1,069505;1,035496;1,021721;1,035081
23/10/2024; 18:48:31;0;1,05337;1,069505;1,035496;1,021721;1,035081
23/10/2024; 18:48:31;0;1,053119;1,0799;1,065408;1,03902;1,026954
23/10/2024; 18:48:31;0;1,053119;1,0799;1,065408;1,03902;1,026954
23/10/2024; 18:48:31;0;0,977718;1,028069;1,054355;1,04787;1,028803
23/10/2024; 18:48:31;0;0,938519;0,989785;1,005682;1,031187;1,029645
23/10/2024; 18:48:32;0;0,938519;0,989785;1,005682;1,031187;1,029645
23/10/2024; 18:48:32;0;1,078148;0,998128;1,011876;1,020175;1,039014
23/10/2024; 18:48:32;0;1,076162;1,030943;1,017637;1,024733;1,029506
23/10/2024; 18:48:32;0;1,076162;1,030943;1,017637;1,024733;1,029506
23/10/2024; 18:48:32;0;1,129851;1,09472;1,05567;1,04008;1,042253
23/10/2024; 18:48:32;0;1,129851;1,09472;1,05567;1,04008;1,042253
23/10/2024; 18:48:32;0;1,129851;1,09472;1,05567;1,04008;1,042253
23/10/2024; 18:48:32;0;0,960024;1,055346;1,061046;1,036541;1,026737
23/10/2024; 18:48:32;0;0,960024;1,055346;1,061046;1,036541;1,026737
23/10/2024; 18:48:32;0;1,010148;1,033341;1,044046;1,050867;1,032142
23/10/2024; 18:48:32;0;1,010148;1,033341;1,044046;1,050867;1,032142
23/10/2024; 18:48:32;0;1,056468;1,00888;1,039123;1,046531;1,0518
23/10/2024; 18:48:32;0;0,987405;1,018007;1,003511;1,028779;1,036677
23/10/2024; 18:48:32;0;0,987405;1,018007;1,003511;1,028779;1,036677
23/10/2024; 18:48:32;0;1,06978;1,037884;1,03095;1,016765;1,035613
23/10/2024; 18:48:32;0;1,06978;1,037884;1,03095;1,016765;1,035613
23/10/2024; 18:48:32;0;1,06978;1,037884;1,03095;1,016765;1,035613
23/10/2024; 18:48:32;0;1,0193;1,025495;1,033238;1,02862;1,017187
23/10/2024; 18:48:33;0;1,0193;1,025495;1,033238;1,02862;1,017187
23/10/2024; 18:48:33;0;1,013992;1,034357;1,022619;1,029389;1,026182
23/10/2024; 18:48:33;0;1,013992;1,034357;1,022619;1,029389;1,026182
23/10/2024; 18:48:33;0;1,082547;1,038613;1,046405;1,034605;1,038249
23/10/2024; 18:48:33;0;1,082547;1,038613;1,046405;1,034605;1,038249
23/10/2024; 18:48:33;0;1,002342;1,03296;1,029545;1,037592;1,029228
23/10/2024; 18:48:33;0;1,030916;1,038602;1,032449;1,029819;1,036479
23/10/2024; 18:48:33;0;1,120277;1,051178;1,059021;1,050015;1,044896
23/10/2024; 18:48:33;0;1,120277;1,051178;1,059021;1,050015;1,044896
23/10/2024; 18:48:33;0;0,998923;1,050039;1,038115;1,047001;1,041499
23/10/2024; 18:48:33;0;0,998923;1,050039;1,038115;1,047001;1,041499
23/10/2024; 18:48:33;0;0,998269;1,039157;1,037097;1,030145;1,038879
23/10/2024; 18:48:33;0;0,998269;1,039157;1,037097;1,030145;1,038879
23/10/2024; 18:48:33;0;1,146248;1,047814;1,06593;1,058927;1,049496
23/10/2024; 18:48:33;0;1,146248;1,047814;1,06593;1,058927;1,049496
23/10/2024; 18:48:33;0;1,005527;1,050015;1,037242;1,053849;1,050027
23/10/2024; 18:48:33;0;1,005527;1,050015;1,037242;1,053849;1,050027
23/10/2024; 18:48:33;0;0,993472;1,048416;1,035879;1,028488;1,043786
23/10/2024; 18:48:34;0;1,028884;1,009295;1,043533;1,03448;1,028554
23/10/2024; 18:48:34;0;1,052372;1,024909;1,020064;1,045301;1,037462
23/10/2024; 18:48:34;0;1,052372;1,024909;1,020064;1,045301;1,037462
23/10/2024; 18:48:34;0;1,048848;1,043368;1,030894;1,025821;1,045892
23/10/2024; 18:48:34;0;1,048848;1,043368;1,030894;1,025821;1,045892
23/10/2024; 18:48:34;0;1,014398;1,038539;1,036126;1,027595;1,023917
23/10/2024; 18:48:34;0;1,014398;1,038539;1,036126;1,027595;1,023917
23/10/2024; 18:48:34;0;1,014733;1,025993;1,032588;1,031847;1,025451
23/10/2024; 18:48:34;0;1,014733;1,025993;1,032588;1,031847;1,025451
23/10/2024; 18:48:34;0;1,096184;1,041772;1,043541;1,045307;1,04257
23/10/2024; 18:48:34;0;1,011652;1,040856;1,034242;1,037163;1,039698
23/10/2024; 18:48:34;0;1,020128;1,042655;1,035674;1,031419;1,034324
23/10/2024; 18:48:34;0;1,020128;1,042655;1,035674;1,031419;1,034324
23/10/2024; 18:48:34;0;1,03476;1,02218;1,040681;1,035491;1,031976
23/10/2024; 18:48:35;0;1,03476;1,02218;1,040681;1,035491;1,031976
23/10/2024; 18:48:35;0;1,038933;1,031273;1,026368;1,040331;1,036065
23/10/2024; 18:48:35;0;1,038933;1,031273;1,026368;1,040331;1,036065
23/10/2024; 18:48:35;0;1,053406;1,042366;1,036806;1,031776;1,04251
23/10/2024; 18:48:35;0;1,053406;1,042366;1,036806;1,031776;1,04251
23/10/2024; 18:48:35;0;1,071545;1,054628;1,049661;1,043754;1,038404
23/10/2024; 18:48:35;0;1,071545;1,054628;1,049661;1,043754;1,038404
23/10/2024; 18:48:35;0;1,009713;1,044888;1,043399;1,041671;1,038081
23/10/2024; 18:48:35;0;1,057595;1,046284;1,048065;1,046238;1,044325
23/10/2024; 18:48:35;0;1,057595;1,046284;1,048065;1,046238;1,044325
23/10/2024; 18:48:35;0;0,983638;1,016982;1,030623;1,035179;1,035805
23/10/2024; 18:48:35;0;0,983638;1,016982;1,030623;1,035179;1,035805
23/10/2024; 18:48:35;0;1,121394;1,054209;1,043085;1,048777;1,049548
23/10/2024; 18:48:35;0;1,121394;1,054209;1,043085;1,048777;1,049548
23/10/2024; 18:48:35;0;1,001325;1,035452;1,040988;1,034733;1,040868
23/10/2024; 18:48:35;0;1,001325;1,035452;1,040988;1,034733;1,040868
23/10/2024; 18:48:35;0;1,020572;1,047764;1,031732;1,036905;1,032373
23/10/2024; 18:48:36;0;1,020572;1,047764;1,031732;1,036905;1,032373
23/10/2024; 18:48:36;0;1,019157;1,013685;1,040612;1,029217;1,033947
23/10/2024; 18:48:36;0;1,019157;1,013685;1,040612;1,029217;1,033947
23/10/2024; 18:48:36;0;1,040936;1,026888;1,020498;1,040677;1,03117
23/10/2024; 18:48:36;0;1,084732;1,048275;1,041349;1,033344;1,048019
23/10/2024; 18:48:36;0;1,084732;1,048275;1,041349;1,033344;1,048019
23/10/2024; 18:48:36;0;1,099482;1,07505;1,061077;1,052976;1,044367
23/10/2024; 18:48:36;0;1,0275;1,070571;1,063162;1,054361;1,04873
23/10/2024; 18:48:36;0;1,0275;1,070571;1,063162;1,054361;1,04873
23/10/2024; 18:48:36;0;0,987385;1,038122;1,049775;1,048007;1,043199
23/10/2024; 18:48:36;0;0,987385;1,038122;1,049775;1,048007;1,043199
23/10/2024; 18:48:36;0;0,987385;1,038122;1,049775;1,048007;1,043199
23/10/2024; 18:48:36;0;0,987503;1,000796;1,025468;1,03732;1,037923
23/10/2024; 18:48:36;0;1,052178;1,009022;1,013641;1,03081;1,039797
23/10/2024; 18:48:36;0;1,050689;1,030123;1,019439;1,021051;1,034123
23/10/2024; 18:48:37;0;1,050689;1,030123;1,019439;1,021051;1,034123
23/10/2024; 18:48:37;0;0,999075;1,033981;1,022361;1,015366;1,017388
23/10/2024; 18:48:37;0;0,999075;1,033981;1,022361;1,015366;1,017388
23/10/2024; 18:48:37;0;1,013962;1,021242;1,028976;1,020681;1,015132
23/10/2024; 18:48:37;0;1,064452;1,02583;1,032045;1,036071;1,027977
23/10/2024; 18:48:37;0;1,064452;1,02583;1,032045;1,036071;1,027977
23/10/2024; 18:48:37;0;1,0564;1,044938;1,033472;1,036916;1,039459
23/10/2024; 18:48:37;0;1,0564;1,044938;1,033472;1,036916;1,039459
23/10/2024; 18:48:37;0;1,098948;1,073267;1,058441;1,046568;1,047254
23/10/2024; 18:48:37;0;1,118262;1,091203;1,084516;1,070405;1,058517
23/10/2024; 18:48:37;0;0,912782;1,043331;1,046598;1,050169;1,044134
23/10/2024; 18:48:37;0;0,912782;1,043331;1,046598;1,050169;1,044134
23/10/2024; 18:48:37;0;1,125805;1,052283;1,063949;1,06244;1,062775
23/10/2024; 18:48:37;0;0,975565;1,004717;1,033104;1,046273;1,04796
23/10/2024; 18:48:37;0;0,975565;1,004717;1,033104;1,046273;1,04796
23/10/2024; 18:48:38;0;1,157921;1,08643;1,043018;1,058067;1,06488
23/10/2024; 18:48:38;0;1,157921;1,08643;1,043018;1,058067;1,06488
23/10/2024; 18:48:38;0;0,979851;1,037779;1,059785;1,030385;1,045031
23/10/2024; 18:48:38;0;0,979851;1,037779;1,059785;1,030385;1,045031
23/10/2024; 18:48:38;0;1,052683;1,063485;1,041505;1,058365;1,034101
23/10/2024; 18:48:38;0;1,096539;1,043024;1,071748;1,052512;1,064727
23/10/2024; 18:48:38;0;1,096539;1,043024;1,071748;1,052512;1,064727
23/10/2024; 18:48:38;0;1,082887;1,077369;1,05299;1,073976;1,057574
23/10/2024; 18:48:38;0;1,082887;1,077369;1,05299;1,073976;1,057574
23/10/2024; 18:48:38;0;1,046188;1,075204;1,069574;1,051629;1,069345
23/10/2024; 18:48:38;0;1,046188;1,075204;1,069574;1,051629;1,069345
23/10/2024; 18:48:38;0;0,965043;1,031372;1,047664;1,048668;1,037198
23/10/2024; 18:48:38;0;0,965043;1,031372;1,047664;1,048668;1,037198
23/10/2024; 18:48:38;0;0,972303;0,994511;1,016605;1,032592;1,03594
23/10/2024; 18:48:38;0;1,153946;1,030431;1,03437;1,044073;1,052817
23/10/2024; 18:48:38;0;0,926931;1,017727;1,004556;1,012882;1,024549
23/10/2024; 18:48:39;0;1,032855;1,037911;1,021509;1,010216;1,016211
23/10/2024; 18:48:39;0;1,032855;1,037911;1,021509;1,010216;1,016211
23/10/2024; 18:48:39;0;1,175801;1,045195;1,072383;1,052367;1,037813
23/10/2024; 18:48:39;0;1,175801;1,045195;1,072383;1,052367;1,037813
23/10/2024; 18:48:39;0;1,191206;1,133287;1,081698;1,096148;1,075507
23/10/2024; 18:48:39;0;1,191206;1,133287;1,081698;1,096148;1,075507
23/10/2024; 18:48:39;0;0,972324;1,11311;1,093046;1,059823;1,07551
23/10/2024; 18:48:39;0;0,972324;1,11311;1,093046;1,059823;1,07551
23/10/2024; 18:48:39;0;0,954144;1,039225;1,073369;1,065266;1,04221
23/10/2024; 18:48:39;0;0,954144;1,039225;1,073369;1,065266;1,04221
23/10/2024; 18:48:39;0;1,055233;0,9939;1,043227;1,069741;1,063594
23/10/2024; 18:48:39;0;1,003552;1,00431;0,996313;1,035292;1,05871
23/10/2024; 18:48:39;0;1,003552;1,00431;0,996313;1,035292;1,05871
23/10/2024; 18:48:39;0;1,023762;1,027516;1,009173;1,001803;1,03337
23/10/2024; 18:48:39;0;1,079779;1,035698;1,040581;1,023294;1,014799
23/10/2024; 18:48:40;0;1,079779;1,035698;1,040581;1,023294;1,014799
23/10/2024; 18:48:40;0;1,382058;1,161867;1,122288;1,108877;1,083088
23/10/2024; 18:48:40;0;1,382058;1,161867;1,122288;1,108877;1,083088
23/10/2024; 18:48:40;0;1,044855;1,168898;1,132614;1,106801;1,098207
23/10/2024; 18:48:40;0;1,044855;1,168898;1,132614;1,106801;1,098207
23/10/2024; 18:48:40;0;0,877794;1,101569;1,096122;1,08165;1,068633
23/10/2024; 18:48:40;0;0,877794;1,101569;1,096122;1,08165;1,068633
23/10/2024; 18:48:40;0;0,96195;0,961533;1,066664;1,069288;1,0617
23/10/2024; 18:48:40;0;0,94047;0,926738;0,956268;1,041426;1,047818
23/10/2024; 18:48:40;0;0,94047;0,926738;0,956268;1,041426;1,047818
23/10/2024; 18:48:40;0;1,059889;0,987437;0,960026;0,976992;1,044503
23/10/2024; 18:48:40;0;1,059889;0,987437;0,960026;0,976992;1,044503
23/10/2024; 18:48:40;0;1,150999;1,050453;1,028327;0,998221;1,005993
23/10/2024; 18:48:40;0;1,191307;1,134065;1,085666;1,060923;1,030402
23/10/2024; 18:48:40;0;1,191307;1,134065;1,085666;1,060923;1,030402
23/10/2024; 18:48:40;0;0,966139;1,102815;1,092083;1,061761;1,045126
23/10/2024; 18:48:40;0;0,966139;1,102815;1,092083;1,061761;1,045126
23/10/2024; 18:48:41;0;0,953813;1,037086;1,065564;1,064429;1,043769
23/10/2024; 18:48:41;0;0,946678;0,955544;1,014484;1,041787;1,044804
23/10/2024; 18:48:41;0;1,00521;0,968567;0,96796;1,01263;1,035691
23/10/2024; 18:48:41;0;1,00521;0,968567;0,96796;1,01263;1,035691
23/10/2024; 18:48:41;0;1,121457;1,024449;1,00679;0,998659;1,030767
23/10/2024; 18:48:41;0;1,121457;1,024449;1,00679;0,998659;1,030767
23/10/2024; 18:48:41;0;1,251262;1,125977;1,081152;1,055684;1,04076
23/10/2024; 18:48:41;0;1,251262;1,125977;1,081152;1,055684;1,04076
23/10/2024; 18:48:41;0;1,068075;1,146931;1,111501;1,078537;1,057749
23/10/2024; 18:48:41;0;1,068075;1,146931;1,111501;1,078537;1,057749
23/10/2024; 18:48:41;0;0,901882;1,07374;1,085669;1,069577;1,049094
23/10/2024; 18:48:41;0;0,901882;1,07374;1,085669;1,069577;1,049094
23/10/2024; 18:48:41;0;0,987671;0,985876;1,052222;1,066069;1,055926
23/10/2024; 18:48:41;0;1,024253;0,971269;0,99547;1,046629;1,0591
23/10/2024; 18:48:42;0;1,186134;1,066019;1,024985;1,033603;1,06988
23/10/2024; 18:48:42;0;1,186134;1,066019;1,024985;1,033603;1,06988
23/10/2024; 18:48:42;0;1,149135;1,119841;1,086798;1,049815;1,052858
23/10/2024; 18:48:42;0;1,149135;1,119841;1,086798;1,049815;1,052858
23/10/2024; 18:48:42;0;0,887401;1,074224;1,061731;1,046919;1,022746
23/10/2024; 18:48:42;0;0,887401;1,074224;1,061731;1,046919;1,022746
23/10/2024; 18:48:42;0;1,136665;1,057734;1,089834;1,076718;1,061877
23/10/2024; 18:48:42;0;1,136665;1,057734;1,089834;1,076718;1,061877
23/10/2024; 18:48:42;0;0,884376;0,969481;1,014394;1,048742;1,044661
23/10/2024; 18:48:42;0;0,884376;0,969481;1,014394;1,048742;1,044661
23/10/2024; 18:48:42;0;1,120434;1,047158;1,007219;1,035602;1,060691
23/10/2024; 18:48:42;0;0,999545;1,001451;1,035255;1,005684;1,029593
23/10/2024; 18:48:42;0;1,071525;1,063835;1,01897;1,042509;1,016657
23/10/2024; 18:48:42;0;1,071525;1,063835;1,01897;1,042509;1,016657
23/10/2024; 18:48:42;0;1,028001;1,033023;1,054876;1,020776;1,040091
23/10/2024; 18:48:42;0;1,028001;1,033023;1,054876;1,020776;1,040091
23/10/2024; 18:48:43;0;1,118229;1,072585;1,054325;1,067547;1,037018
23/10/2024; 18:48:43;0;1,118229;1,072585;1,054325;1,067547;1,037018
23/10/2024; 18:48:43;0;0,945673;1,030634;1,040857;1,032594;1,047234
23/10/2024; 18:48:43;0;1,02713;1,030344;1,029758;1,038112;1,031684
23/10/2024; 18:48:43;0;1,123004;1,031936;1,053509;1,048407;1,05226
23/10/2024; 18:48:43;0;1,123004;1,031936;1,053509;1,048407;1,05226
23/10/2024; 18:48:43;0;1,069972;1,073369;1,041445;1,056802;1,052001
23/10/2024; 18:48:43;0;1,013261;1,068746;1,058342;1,035808;1,049545
23/10/2024; 18:48:43;0;1,013261;1,068746;1,058342;1,035808;1,049545
23/10/2024; 18:48:43;0;0,99596;1,026398;1,050549;1,045865;1,029167
23/10/2024; 18:48:43;0;0,99596;1,026398;1,050549;1,045865;1,029167
23/10/2024; 18:48:43;0;1,056311;1,021844;1,033876;1,051702;1,047606
23/10/2024; 18:48:43;0;1,056311;1,021844;1,033876;1,051702;1,047606
23/10/2024; 18:48:43;0;1,095506;1,049259;1,04026;1,046202;1,059003
23/10/2024; 18:48:43;0;1,028266;1,060028;1,044011;1,037861;1,043213
23/10/2024; 18:48:44;0;1,028266;1,060028;1,044011;1,037861;1,043213
23/10/2024; 18:48:44;0;1,022793;1,048855;1,050719;1,039767;1,03535
23/10/2024; 18:48:44;0;1,059488;1,036849;1,051513;1,052473;1,043054
23/10/2024; 18:48:44;0;1,059488;1,036849;1,051513;1,052473;1,043054
23/10/2024; 18:48:44;0;1,049272;1,043851;1,039955;1,051065;1,051939
23/10/2024; 18:48:44;0;1,024435;1,044398;1,038997;1,036851;1,046627
23/10/2024; 18:48:44;0;1,024435;1,044398;1,038997;1,036851;1,046627
23/10/2024; 18:48:44;0;1,056028;1,043245;1,047306;1,042403;1,040047
23/10/2024; 18:48:44;0;1,056028;1,043245;1,047306;1,042403;1,040047
23/10/2024; 18:48:44;0;1,009157;1,029873;1,034723;1,039676;1,036862
23/10/2024; 18:48:44;0;1,009157;1,029873;1,034723;1,039676;1,036862
23/10/2024; 18:48:44;0;1,046385;1,03719;1,034001;1,037055;1,040794
23/10/2024; 18:48:44;0;1,020264;1,025269;1,032959;1,031254;1,034257
23/10/2024; 18:48:44;0;1,020264;1,025269;1,032959;1,031254;1,034257
23/10/2024; 18:48:44;0;1,038343;1,034997;1,028537;1,034035;1,032435
23/10/2024; 18:48:44;0;1,038343;1,034997;1,028537;1,034035;1,032435
23/10/2024; 18:48:45;0;1,039546;1,032718;1,036135;1,030739;1,034954
23/10/2024; 18:48:45;0;1,043542;1,040477;1,035424;1,037616;1,032873
23/10/2024; 18:48:45;0;1,043542;1,040477;1,035424;1,037616;1,032873
23/10/2024; 18:48:45;0;1,010374;1,031154;1,032951;1,030414;1,033076
23/10/2024; 18:48:45;0;1,010374;1,031154;1,032951;1,030414;1,033076
23/10/2024; 18:48:45;0;0,980367;1,011428;1,018457;1,022434;1,022073
23/10/2024; 18:48:45;0;0,995996;0,995579;1,00757;1,013965;1,018028
23/10/2024; 18:48:45;0;0,995996;0,995579;1,00757;1,013965;1,018028
23/10/2024; 18:48:45;0;1,080673;1,019012;1,016852;1,02219;1,025083
23/10/2024; 18:48:45;0;1,118032;1,064901;1,043767;1,037089;1,038164
23/10/2024; 18:48:45;0;1,118032;1,064901;1,043767;1,037089;1,038164
23/10/2024; 18:48:45;0;1,177947;1,125551;1,093162;1,070603;1,060565
23/10/2024; 18:48:45;0;1,177947;1,125551;1,093162;1,070603;1,060565
23/10/2024; 18:48:45;0;1,18522;1,160399;1,140468;1,111573;1,089706
23/10/2024; 18:48:45;0;1,18522;1,160399;1,140468;1,111573;1,089706
23/10/2024; 18:48:46;0;0,918611;1,093926;1,099952;1,096097;1,079413
23/10/2024; 18:48:46;0;0,918611;1,093926;1,099952;1,096097;1,079413
23/10/2024; 18:48:46;0;0,97581;1,026547;1,064397;1,075124;1,076049
23/10/2024; 18:48:46;0;0,97581;1,026547;1,064397;1,075124;1,076049
23/10/2024; 18:48:46;0;0,919404;0,937941;0,999761;1,035398;1,04917
23/10/2024; 18:48:46;0;1,855624;1,250279;1,167362;1,170934;1,172102
23/10/2024; 18:48:46;0;1,855624;1,250279;1,167362;1,170934;1,172102
23/10/2024; 18:48:46;0;1,208289;1,327772;1,239782;1,175547;1,17716
23/10/2024; 18:48:46;0;1,208289;1,327772;1,239782;1,175547;1,17716
23/10/2024; 18:48:46;0;0,430975;1,164963;1,103573;1,07802;1,051452
23/10/2024; 18:48:46;0;0,430975;1,164963;1,103573;1,07802;1,051452
23/10/2024; 18:48:46;0;0,612531;0,750598;1,026855;1,005365;1,000439
23/10/2024; 18:48:46;0;0,612531;0,750598;1,026855;1,005365;1,000439
23/10/2024; 18:48:46;0;1,637691;0,893733;0,972372;1,149022;1,110752
23/10/2024; 18:48:46;0;0,936736;1,06232;0,904484;0,965245;1,113641
23/10/2024; 18:48:46;0;0,978138;1,184188;1,041274;0,919214;0,967393
23/10/2024; 18:48:47;0;0,978138;1,184188;1,041274;0,919214;0,967393
23/10/2024; 18:48:47;0;0,963924;0,959599;1,129122;1,025804;0,926666
23/10/2024; 18:48:47;0;0,963924;0,959599;1,129122;1,025804;0,926666
23/10/2024; 18:48:47;0;1,528263;1,156775;1,101765;1,20895;1,109547
23/10/2024; 18:48:47;0;1,528263;1,156775;1,101765;1,20895;1,109547
23/10/2024; 18:48:47;0;0,936072;1,142753;1,101599;1,068627;1,163471
23/10/2024; 18:48:47;0;0,380369;0,948235;0,952157;0,957353;0,953917
23/10/2024; 18:48:47;0;0,380369;0,948235;0,952157;0,957353;0,953917
23/10/2024; 18:48:47;0;0,380369;0,948235;0,952157;0,957353;0,953917
23/10/2024; 18:48:47;0;1,518137;0,94486;1,09071;1,065353;1,050817
23/10/2024; 18:48:47;0;1,768353;1,222286;1,150733;1,226239;1,18252
23/10/2024; 18:48:47;0;1,768353;1,222286;1,150733;1,226239;1,18252
23/10/2024; 18:48:47;0;0,625657;1,304049;1,073129;1,045718;1,126142
23/10/2024; 18:48:47;0;0,625657;1,304049;1,073129;1,045718;1,126142
23/10/2024; 18:48:47;0;0,903437;1,099149;1,203896;1,039191;1,022004
23/10/2024; 18:48:47;0;0,903437;1,099149;1,203896;1,039191;1,022004
23/10/2024; 18:48:47;0;1,128489;0,885861;1,106484;1,188815;1,054074
23/10/2024; 18:48:47;0;1,128489;0,885861;1,106484;1,188815;1,054074
23/10/2024; 18:48:48;0;0,735971;0,922632;0,848389;1,032381;1,113341
23/10/2024; 18:48:48;0;0,735971;0,922632;0,848389;1,032381;1,113341
23/10/2024; 18:48:48;0;0,735971;0,922632;0,848389;1,032381;1,113341
23/10/2024; 18:48:48;0;1,459023;1,107828;1,05673;0,970515;1,103488
23/10/2024; 18:48:48;0;1,554219;1,249738;1,219426;1,156228;1,067799
23/10/2024; 18:48:48;0;1,554219;1,249738;1,219426;1,156228;1,067799
23/10/2024; 18:48:48;0;1,751662;1,588301;1,375219;1,325873;1,255467
23/10/2024; 18:48:48;0;1,751662;1,588301;1,375219;1,325873;1,255467
23/10/2024; 18:48:48;0;0,410275;1,238719;1,293795;1,18223;1,173273
23/10/2024; 18:48:48;0;0,410275;1,238719;1,293795;1,18223;1,173273
23/10/2024; 18:48:48;0;0,849487;1,003808;1,141411;1,204933;1,126773
23/10/2024; 18:48:48;0;0,849487;1,003808;1,141411;1,204933;1,126773
23/10/2024; 18:48:48;0;1,492924;0,917562;1,126087;1,211713;1,252932
23/10/2024; 18:48:48;0;1,492924;0,917562;1,126087;1,211713;1,252932
23/10/2024; 18:48:48;0;0,863171;1,068528;0,903964;1,073504;1,153623
23/10/2024; 18:48:48;0;1,253394;1,203163;1,114744;0,97385;1,103485
23/10/2024; 18:48:48;0;1,253394;1,203163;1,114744;0,97385;1,103485
23/10/2024; 18:48:49;0;1,237596;1,118054;1,211771;1,139314;1,017808
23/10/2024; 18:48:49;0;1,804902;1,431964;1,289766;1,330397;1,250246
23/10/2024; 18:48:49;0;1,804902;1,431964;1,289766;1,330397;1,250246
23/10/2024; 18:48:49;0;0,65506;1,232519;1,237738;1,162825;1,217841
23/10/2024; 18:48:49;0;0,65506;1,232519;1,237738;1,162825;1,217841
23/10/2024; 18:48:49;0;1,705552;1,388505;1,350777;1,331301;1,253279
23/10/2024; 18:48:49;0;1,705552;1,388505;1,350777;1,331301;1,253279
23/10/2024; 18:48:49;0;1,705552;1,388505;1,350777;1,331301;1,253279
23/10/2024; 18:48:49;0;1,886118;1,415577;1,512908;1,457846;1,42377
23/10/2024; 18:48:49;1;0,786451;1,459374;1,258295;1,367617;1,345946
23/10/2024; 18:48:49;1;0,496328;1,056299;1,218612;1,105902;1,222402
23/10/2024; 18:48:49;1;0,496328;1,056299;1,218612;1,105902;1,222402
23/10/2024; 18:48:49;1;1,273342;0,85204;1,11056;1,229558;1,133808
23/10/2024; 18:48:49;1;1,273342;0,85204;1,11056;1,229558;1,133808
23/10/2024; 18:48:49;1;1,323048;1,030906;0,969792;1,153057;1,24514
23/10/2024; 18:48:50;1;0,477186;1,024525;0,892476;0,871271;1,040412
23/10/2024; 18:48:50;1;0,477186;1,024525;0,892476;0,871271;1,040412
23/10/2024; 18:48:50;1;1,249141;1,016458;1,080679;0,963809;0,934249
23/10/2024; 18:48:50;1;1,249141;1,016458;1,080679;0,963809;0,934249
23/10/2024; 18:48:50;1;1,686734;1,137687;1,184027;1,20189;1,084297
23/10/2024; 18:48:50;1;0,643439;1,193105;1,014125;1,07591;1,108815
23/10/2024; 18:48:50;1;0,643439;1,193105;1,014125;1,07591;1,108815
23/10/2024; 18:48:50;1;0,764169;1,031447;1,085871;0,964134;1,023953
23/10/2024; 18:48:50;1;0,764169;1,031447;1,085871;0,964134;1,023953
23/10/2024; 18:48:50;1;1,717147;1,041585;1,202872;1,212126;1,089636
23/10/2024; 18:48:50;1;1,717147;1,041585;1,202872;1,212126;1,089636
23/10/2024; 18:48:50;1;1,092846;1,191387;1,0544;1,180867;1,192246
23/10/2024; 18:48:50;1;1,092846;1,191387;1,0544;1,180867;1,192246
23/10/2024; 18:48:50;1;1,092846;1,191387;1,0544;1,180867;1,192246
23/10/2024; 18:48:50;1;0,36393;1,057974;0,984523;0,916306;1,044711
23/10/2024; 18:48:50;1;0,36393;1,057974;0,984523;0,916306;1,044711
23/10/2024; 18:48:50;1;1,107371;0,854716;1,070323;1,009093;0,94815
23/10/2024; 18:48:50;1;1,107371;0,854716;1,070323;1,009093;0,94815
23/10/2024; 18:48:51;1;1,773836;1,081712;1,084496;1,211026;1,13655
23/10/2024; 18:48:51;1;0,54381;1,141672;0,947237;0,976359;1,099823
23/10/2024; 18:48:51;1;0,54381;1,141672;0,947237;0,976359;1,099823
23/10/2024; 18:48:51;1;0,972044;1,096563;1,099265;0,952198;0,975639
23/10/2024; 18:48:51;1;0,972044;1,096563;1,099265;0,952198;0,975639
23/10/2024; 18:48:51;1;1,636728;1,050861;1,231605;1,206758;1,066286
23/10/2024; 18:48:51;1;1,636728;1,050861;1,231605;1,206758;1,066286
23/10/2024; 18:48:51;1;0,870671;1,159815;1,005813;1,159418;1,150743
23/10/2024; 18:48:51;1;0,870671;1,159815;1,005813;1,159418;1,150743
23/10/2024; 18:48:51;1;0,375989;0,961129;0,963858;0,879849;1,028847
23/10/2024; 18:48:51;1;0,375989;0,961129;0,963858;0,879849;1,028847
23/10/2024; 18:48:51;1;1,486664;0,911108;1,092513;1,068419;0,980984
23/10/2024; 18:48:51;1;1,697141;1,186598;1,107616;1,213439;1,173206
23/10/2024; 18:48:51;1;1,697141;1,186598;1,107616;1,213439;1,173206
23/10/2024; 18:48:51;1;0,597592;1,260466;1,039346;1,005611;1,110798
23/10/2024; 18:48:51;1;0,597592;1,260466;1,039346;1,005611;1,110798
23/10/2024; 18:48:51;1;0,764666;1,0198;1,136516;0,98441;0,965454
23/10/2024; 18:48:52;1;0,764666;1,0198;1,136516;0,98441;0,965454
23/10/2024; 18:48:52;1;1,642913;1,001724;1,175578;1,237795;1,094161
23/10/2024; 18:48:52;1;0,981906;1,129829;0,996769;1,136844;1,195147
23/10/2024; 18:48:52;1;0,981906;1,129829;0,996769;1,136844;1,195147
23/10/2024; 18:48:52;1;0,490628;1,038483;0,970028;0,895541;1,029141
23/10/2024; 18:48:52;2;1,341515;0,938016;1,114241;1,044326;0,96987
23/10/2024; 18:48:52;2;1,341515;0,938016;1,114241;1,044326;0,96987
23/10/2024; 18:48:52;2;1,333236;1,055126;1,036821;1,15804;1,092477
23/10/2024; 18:48:52;2;1,333236;1,055126;1,036821;1,15804;1,092477
23/10/2024; 18:48:52;2;1,199343;1,291365;1,091181;1,069326;1,164924
23/10/2024; 18:48:52;2;1,199343;1,291365;1,091181;1,069326;1,164924
23/10/2024; 18:48:52;2;1,275518;1,269366;1,287403;1,128048;1,103691
23/10/2024; 18:48:52;2;1,275518;1,269366;1,287403;1,128048;1,103691
23/10/2024; 18:48:52;2;1,894983;1,456615;1,42577;1,408919;1,255871
23/10/2024; 18:48:52;2;1,894983;1,456615;1,42577;1,408919;1,255871
23/10/2024; 18:48:52;2;0,86477;1,345091;1,308654;1,31357;1,318228
23/10/2024; 18:48:53;2;0,309915;1,023223;1,086297;1,108906;1,146294
23/10/2024; 18:48:53;2;1,069467;0,748051;1,034784;1,082931;1,102333
23/10/2024; 18:48:53;2;1,069467;0,748051;1,034784;1,082931;1,102333
23/10/2024; 18:48:53;2;2,296345;1,225242;1,135124;1,287096;1,285167
23/10/2024; 18:48:53;2;2,296345;1,225242;1,135124;1,287096;1,285167
23/10/2024; 18:48:53;2;0,585305;1,317039;1,065258;1,025161;1,170131
23/10/2024; 18:48:53;2;0,585305;1,317039;1,065258;1,025161;1,170131
23/10/2024; 18:48:53;2;0,72255;1,2014;1,168417;0,996717;0,974726
23/10/2024; 18:48:53;2;0,72255;1,2014;1,168417;0,996717;0,974726
23/10/2024; 18:48:53;2;2,047847;1,118567;1,413012;1,344303;1,171905
23/10/2024; 18:48:53;2;2,047847;1,118567;1,413012;1,344303;1,171905
23/10/2024; 18:48:53;2;1,367114;1,37917;1,180704;1,403832;1,348105
23/10/2024; 18:48:53;2;1,367114;1,37917;1,180704;1,403832;1,348105
23/10/2024; 18:48:53;2;0,355261;1,25674;1,123193;1,015615;1,229071
23/10/2024; 18:48:53;2;1,484756;1,069044;1,313744;1,195505;1,093805
23/10/2024; 18:48:54;2;1,0833;1,007818;1,127053;0,972694;1,038431
23/10/2024; 18:48:54;2;1,0833;1,007818;1,127053;0,972694;1,038431
23/10/2024; 18:48:54;2;2,323713;1,314653;1,336792;1,366385;1,197864
23/10/2024; 18:48:54;2;0,876783;1,427932;1,205186;1,24479;1,284784
23/10/2024; 18:48:54;2;0,467048;1,222515;1,187711;1,057558;1,115166
23/10/2024; 18:48:54;2;0,974085;0,772638;1,160407;1,144985;1,043646
23/10/2024; 18:48:54;2;0,974085;0,772638;1,160407;1,144985;1,043646
23/10/2024; 18:48:54;2;1,754822;1,065318;1,018184;1,27929;1,246625
23/10/2024; 18:48:54;2;1,109977;1,279628;1,076483;1,036543;1,251071
23/10/2024; 18:48:54;2;1,109977;1,279628;1,076483;1,036543;1,251071
23/10/2024; 18:48:55;2;0,931974;1,265591;1,192714;1,047581;1,019114
23/10/2024; 18:48:55;2;1,145664;1,062538;1,235609;1,183304;1,063928
23/10/2024; 18:48:55;2;1,419747;1,165795;1,15184;1,272437;1,222711
23/10/2024; 18:48:55;2;0,751287;1,105566;1,062168;1,07173;1,185578
23/10/2024; 18:48:55;2;0,751287;1,105566;1,062168;1,07173;1,185578
23/10/2024; 18:48:55;2;1,02068;1,063905;1,084345;1,05387;1,063221
23/10/2024; 18:48:55;2;0,94146;0,904476;1,033293;1,055768;1,035135
23/10/2024; 18:48:55;2;1,155877;1,039339;0,967326;1,05781;1,072452
23/10/2024; 18:48:55;2;1,155877;1,039339;0,967326;1,05781;1,072452
23/10/2024; 18:48:55;2;1,197236;1,098191;1,078813;1,013308;1,081048
23/10/2024; 18:48:55;2;0,942901;1,098671;1,059369;1,051631;1,001573
23/10/2024; 18:48:55;2;1,032405;1,057514;1,082105;1,053976;1,048427
23/10/2024; 18:48:56;2;1,019699;0,998335;1,04806;1,069624;1,048263
23/10/2024; 18:48:56;2;1,019699;0,998335;1,04806;1,069624;1,048263
23/10/2024; 18:48:56;2;1,072467;1,041524;1,016868;1,052942;1,070098
23/10/2024; 18:48:56;2;0,942542;1,011569;1,016778;1,002003;1,034542
23/10/2024; 18:48:56;2;0,942542;1,011569;1,016778;1,002003;1,034542
23/10/2024; 18:48:56;2;1,010577;1,008529;1,011322;1,015538;1,003432
23/10/2024; 18:48:56;2;1,169818;1,040979;1,048851;1,043021;1,041252
23/10/2024; 18:48:56;2;1,082335;1,087577;1,051318;1,055548;1,049573
23/10/2024; 18:48:56;2;1,105604;1,119252;1,092083;1,062175;1,063891
23/10/2024; 18:48:56;2;0,973074;1,053671;1,082708;1,068282;1,047325
23/10/2024; 18:48:56;2;0,992819;1,023832;1,038458;1,06473;1,055704
23/10/2024; 18:48:56;2;0,992819;1,023832;1,038458;1,06473;1,055704
23/10/2024; 18:48:57;2;1,007373;0,991088;1,019717;1,032241;1,05517
23/10/2024; 18:48:57;2;1,093198;1,03113;1,016616;1,034413;1,0424
23/10/2024; 18:48:57;2;0,963859;1,021477;1,014312;1,006065;1,022654
23/10/2024; 18:48:57;2;0,991501;1,016186;1,013983;1,00975;1,003637
23/10/2024; 18:48:57;2;1,069831;1,008397;1,029597;1,025152;1,019763
23/10/2024; 18:48:57;2;1,009404;1,023579;1,008649;1,025559;1,022528
23/10/2024; 18:48:57;2;1,009404;1,023579;1,008649;1,025559;1,022528
23/10/2024; 18:48:57;2;1,128726;1,06932;1,049865;1,032664;1,042753
23/10/2024; 18:48:57;2;1,0041;1,04741;1,053015;1,040712;1,027903
23/10/2024; 18:48:57;2;1,029842;1,054223;1,043018;1,04838;1,0389
23/10/2024; 18:48:57;2;1,029842;1,054223;1,043018;1,04838;1,0389
23/10/2024; 18:48:57;2;1,033787;1,022576;1,049114;1,041172;1,045948
23/10/2024; 18:48:58;2;1,020937;1,028189;1,022166;1,043478;1,037799
23/10/2024; 18:48:58;2;1,013553;1,022759;1,02453;1,020444;1,038491
23/10/2024; 18:48:58;2;1,064318;1,032936;1,033149;1,032488;1,027756
23/10/2024; 18:48:58;2;1,005979;1,02795;1,026197;1,027715;1,028069
23/10/2024; 18:48:58;2;1,005979;1,02795;1,026197;1,027715;1,028069
23/10/2024; 18:48:58;2;1,000729;1,023675;1,021145;1,021103;1,023217
23/10/2024; 18:48:58;2;0,990064;0,998924;1,015272;1,014929;1,01593
23/10/2024; 18:48:58;2;0,990064;0,998924;1,015272;1,014929;1,01593
23/10/2024; 18:48:58;2;1,125322;1,038705;1,030524;1,037282;1,033327
23/10/2024; 18:48:58;2;1,116631;1,077339;1,058186;1,047745;1,050507
23/10/2024; 18:48:58;2;1,080311;1,107421;1,078082;1,062611;1,053173
23/10/2024; 18:48:59;2;1,022493;1,073145;1,086189;1,066964;1,055925
23/10/2024; 18:48:59;2;1,022493;1,073145;1,086189;1,066964;1,055925
23/10/2024; 18:48:59;2;1,007378;1,036727;1,056703;1,070427;1,057033
23/10/2024; 18:48:59;2;1,01346;1,014443;1,03091;1,048054;1,060932
23/10/2024; 18:48:59;2;1,01346;1,014443;1,03091;1,048054;1,060932
23/10/2024; 18:48:59;2;1,077299;1,032712;1,030157;1,040188;1,052929
23/10/2024; 18:48:59;2;1,102459;1,064406;1,050149;1,044618;1,050567
23/10/2024; 18:48:59;2;1,452216;1,210658;1,161358;1,130562;1,112551
23/10/2024; 18:48:59;2;1,085243;1,213306;1,179304;1,146135;1,123009
23/10/2024; 18:48:59;2;0,542679;1,026713;1,045649;1,051979;1,045559
23/10/2024; 18:48:59;2;0,888737;0,838886;0,992219;1,014267;1,024772
23/10/2024; 18:48:59;2;0,888737;0,838886;0,992219;1,014267;1,024772
23/10/2024; 18:49:00;2;1,674813;1,035409;1,047868;1,128737;1,124358
23/10/2024; 18:49:00;2;1,064708;1,209419;1,042734;1,051236;1,118066
23/10/2024; 18:49:00;2;0,786832;1,175451;1,103772;0,991554;1,007168
23/10/2024; 18:49:00;2;1,825055;1,225532;1,337852;1,248029;1,13047
23/10/2024; 18:49:00;2;1,825055;1,225532;1,337852;1,248029;1,13047
23/10/2024; 18:49:00;2;1,800328;1,470738;1,369231;1,430347;1,340079
23/10/2024; 18:49:00;2;0,581267;1,402217;1,248371;1,211638;1,288834
23/10/2024; 18:49:00;2;0,581267;1,402217;1,248371;1,211638;1,288834
23/10/2024; 18:49:00;2;0,680749;1,020781;1,22185;1,134846;1,123156
23/10/2024; 18:49:00;2;1,228163;0,830059;1,072627;1,223112;1,150399
23/10/2024; 18:49:00;2;1,228163;0,830059;1,072627;1,223112;1,150399
23/10/2024; 18:49:00;2;0,303038;1,09389;0,990604;0,908737;1,057335
23/10/2024; 18:49:01;2;1,367145;1,140217;1,162204;1,065912;0,985138
23/10/2024; 18:49:01;2;1,367145;1,140217;1,162204;1,065912;0,985138
23/10/2024; 18:49:01;2;1,543284;1,071155;1,240984;1,23842;1,145474
23/10/2024; 18:49:01;2;0,740034;1,216821;0,988375;1,140794;1,155355
23/10/2024; 18:49:01;2;0,740034;1,216821;0,988375;1,140794;1,155355
23/10/2024; 18:49:01;2;0,593775;0,959031;1,06106;0,909455;1,049624
23/10/2024; 18:49:01;2;1,705562;1,013124;1,145664;1,18996;1,04214
23/10/2024; 18:49:01;2;1,899636;1,399658;1,234752;1,296458;1,308239
23/10/2024; 18:49:01;2;0,535884;1,38036;1,183714;1,094978;1,169696
23/10/2024; 18:49:01;2;0,957876;1,131132;1,274739;1,138547;1,072128
23/10/2024; 18:49:01;2;0,957876;1,131132;1,274739;1,138547;1,072128
23/10/2024; 18:49:01;2;1,540527;1,011429;1,233481;1,327897;1,205543
23/10/2024; 18:49:01;2;0,669026;1,05581;0,925828;1,12059;1,218085
23/10/2024; 18:49:02;2;0,669026;1,05581;0,925828;1,12059;1,218085
23/10/2024; 18:49:02;2;0,673857;0,961137;0,960322;0,875434;1,046134
23/10/2024; 18:49:02;2;1,234819;0,859234;1,029557;1,015221;0,935331
23/10/2024; 18:49:02;2;1,234819;0,859234;1,029557;1,015221;0,935331
23/10/2024; 18:49:02;2;1,842981;1,250552;1,105171;1,192242;1,153181
23/10/2024; 18:49:02;2;0,601652;1,226484;1,088327;1,004467;1,09381
23/10/2024; 18:49:02;2;0,682787;1,042474;1,09056;1,007219;0,950854
23/10/2024; 18:49:02;2;1,658969;0,981136;1,196597;1,204242;1,115844
23/10/2024; 18:49:02;2;1,658969;0,981136;1,196597;1,204242;1,115844
23/10/2024; 18:49:02;2;0,942189;1,094648;0,971399;1,145716;1,160566
23/10/2024; 18:49:02;2;0,494326;1,031828;0,944568;0,875985;1,037151
23/10/2024; 18:49:02;2;0,494326;1,031828;0,944568;0,875985;1,037151
23/10/2024; 18:49:02;2;1,326548;0,921021;1,105508;1,020964;0,951079
23/10/2024; 18:49:03;2;1,776289;1,199054;1,134838;1,239664;1,146851
23/10/2024; 18:49:03;2;0,932847;1,345228;1,132503;1,09444;1,188528
23/10/2024; 18:49:03;2;0,752505;1,15388;1,197047;1,056503;1,037451
23/10/2024; 18:49:03;2;0,752505;1,15388;1,197047;1,056503;1,037451
23/10/2024; 18:49:03;2;1,03952;0,908291;1,12529;1,165542;1,053673
23/10/2024; 18:49:03;2;1,307845;1,03329;1,008179;1,161801;1,189259
23/10/2024; 18:49:03;2;1,307845;1,03329;1,008179;1,161801;1,189259
23/10/2024; 18:49:03;2;0,368863;0,905409;0,867183;0,880316;1,029645
23/10/2024; 18:49:03;2;1,065692;0,914133;0,94548;0,906885;0,911212
23/10/2024; 18:49:03;2;1,680523;1,038359;1,105731;1,092489;1,035825
23/10/2024; 18:49:03;2;0,678162;1,141459;0,94831;1,020217;1,023434
23/10/2024; 18:49:04;2;0,477751;0,945479;0,975532;0,854198;0,929806
23/10/2024; 18:49:04;2;1,250538;0,802151;1,021744;1,030533;0,920255
23/10/2024; 18:49:04;2;1,250538;0,802151;1,021744;1,030533;0,920255
23/10/2024; 18:49:04;2;1,385009;1,037766;0,947865;1,094397;1,089613
23/10/2024; 18:49:04;2;0,545028;1,060192;0,914582;0,867298;1,002835
23/10/2024; 18:49:04;2;0,545028;1,060192;0,914582;0,867298;1,002835
23/10/2024; 18:49:04;2;1,00432;0,978119;1,046224;0,932529;0,890135
23/10/2024; 18:49:04;2;1,5501;1,033149;1,121114;1,146999;1,035458
23/10/2024; 18:49:04;2;0,991017;1,181812;1,022616;1,095094;1,121002
23/10/2024; 18:49:04;2;0,301952;0,947689;0,961847;0,878483;0,962904
23/10/2024; 18:49:04;2;1,111543;0,801504;0,988653;0,991786;0,917327
23/10/2024; 18:49:04;2;1,111543;0,801504;0,988653;0,991786;0,917327
23/10/2024; 18:49:04;2;2,035295;1,149596;1,109951;1,197981;1,165704
23/10/2024; 18:49:05;2;0,614481;1,253773;1,015818;1,010857;1,100731
23/10/2024; 18:49:05;2;0,614481;1,253773;1,015818;1,010857;1,100731
23/10/2024; 18:49:05;2;0,664616;1,104797;1,106484;0,945577;0,953151
23/10/2024; 18:49:05;2;2,037248;1,105448;1,33791;1,292637;1,127522
23/10/2024; 18:49:05;2;1,502781;1,401548;1,204781;1,370884;1,32766
23/10/2024; 18:49:05;2;0,379999;1,306676;1,146161;1,039825;1,205737
23/10/2024; 18:49:05;2;0,379999;1,306676;1,146161;1,039825;1,205737
23/10/2024; 18:49:05;2;0,667664;0,850148;1,146923;1,050462;0,977798
23/10/2024; 18:49:05;2;1,922733;0,990132;1,118294;1,302085;1,19584
23/10/2024; 18:49:05;2;0,54083;1,043742;0,877807;1,002801;1,175209
23/10/2024; 18:49:05;2;0,54083;1,043742;0,877807;1,002801;1,175209
23/10/2024; 18:49:05;2;0,429124;0,964229;0,890088;0,78807;0,907188
23/10/2024; 18:49:06;2;1,355078;0,77501;1,061941;0,983086;0,882571
23/10/2024; 18:49:06;2;1,749498;1,1779;1,018632;1,199452;1,110821
23/10/2024; 18:49:06;2;0,463226;1,189267;0,999231;0,907551;1,076748
23/10/2024; 18:49:06;2;0,463226;1,189267;0,999231;0,907551;1,076748
23/10/2024; 18:49:06;2;0,886429;1,033051;1,113558;0,976671;0,904031
23/10/2024; 18:49:06;2;1,921403;1,090353;1,255139;1,275127;1,134126
23/10/2024; 18:49:06;2;1,921403;1,090353;1,255139;1,275127;1,134126
23/10/2024; 18:49:06;2;0,683198;1,163677;0,988564;1,140751;1,176472
23/10/2024; 18:49:06;2;0,380038;0,99488;0,967767;0,866859;1,013965
23/10/2024; 18:49:06;2;1,302671;0,788636;1,071828;1,034748;0,939494
23/10/2024; 18:49:06;2;1,921502;1,201404;1,071852;1,241762;1,18254
23/10/2024; 18:49:07;2;0,587841;1,270671;1,048013;0,97505;1,132775
23/10/2024; 18:49:07;2;0,894776;1,134706;1,176697;1,017366;0,961671
23/10/2024; 18:49:07;2;0,894776;1,134706;1,176697;1,017366;0,961671
23/10/2024; 18:49:07;2;1,836703;1,10644;1,310205;1,308699;1,153922
23/10/2024; 18:49:07;2;0,817128;1,182869;1,034112;1,21159;1,22677
23/10/2024; 18:49:07;2;0,859703;1,171178;1,102077;0,99923;1,152942
23/10/2024; 18:49:07;2;1,263361;0,980064;1,194224;1,134334;1,043252
23/10/2024; 18:49:07;2;2,222428;1,448497;1,290655;1,399865;1,315683
23/10/2024; 18:49:07;2;2,222428;1,448497;1,290655;1,399865;1,315683
23/10/2024; 18:49:07;2;0,749615;1,411801;1,273777;1,182447;1,29149
23/10/2024; 18:49:07;2;0,561099;1,177714;1,199126;1,131241;1,078889
23/10/2024; 18:49:07;2;0,561099;1,177714;1,199126;1,131241;1,078889
23/10/2024; 18:49:07;2;1,439081;0,916598;1,243056;1,247117;1,182548
23/10/2024; 18:49:08;2;0,922346;0,974176;0,918035;1,178914;1,192989
23/10/2024; 18:49:08;2;0,922346;0,974176;0,918035;1,178914;1,192989
23/10/2024; 18:49:08;2;0,91209;0,836796;0,987367;0,902113;0,876697
23/10/2024; 18:49:08;2;0,91209;0,836796;0,987367;0,902113;0,876697
23/10/2024; 18:49:08;2;1,730518;1,106186;1,060226;1,135997;1,040181
23/10/2024; 18:49:08;2;0,855319;1,165976;1,043469;1,019245;1,089218
23/10/2024; 18:49:08;2;0,774664;1,120167;1,068148;0,989708;0,978481
23/10/2024; 18:49:08;2;1,146808;0,925597;1,126827;1,08388;1,015892
23/10/2024; 18:49:08;2;1,146808;0,925597;1,126827;1,08388;1,015892
23/10/2024; 18:49:08;2;1,117662;1,013045;0,973613;1,124994;1,08951
23/10/2024; 18:49:08;2;0,881075;1,048515;0,980052;0,955106;1,084341
23/10/2024; 18:49:09;2;1,048084;1,015607;1,048407;0,993659;0,970602
23/10/2024; 18:49:09;2;1,048084;1,015607;1,048407;0,993659;0,970602
23/10/2024; 18:49:09;2;1,213522;1,04756;1,065086;1,08143;1,030303
23/10/2024; 18:49:09;2;0,894777;1,052127;1,009364;1,031024;1,050321
23/10/2024; 18:49:09;2;1,045262;1,051187;1,050411;1,016544;1,033397
23/10/2024; 18:49:09;2;1,045262;1,051187;1,050411;1,016544;1,033397
23/10/2024; 18:49:09;2;1,144838;1,028292;1,0746;1,069297;1,037926
23/10/2024; 18:49:09;2;0,918238;1,036113;1,000779;1,043327;1,04412
23/10/2024; 18:49:09;2;1,066291;1,043122;1,043657;1,013881;1,047155
23/10/2024; 18:49:09;2;1,145498;1,043342;1,068716;1,064025;1,035817
23/10/2024; 18:49:09;2;1,047009;1,086266;1,044259;1,064375;1,061189
23/10/2024; 18:49:09;2;1,047009;1,086266;1,044259;1,064375;1,061189
23/10/2024; 18:49:10;2;0,98152;1,058009;1,060079;1,031711;1,050566
23/10/2024; 18:49:10;2;1,043806;1,024111;1,054458;1,056825;1,033727
23/10/2024; 18:49:10;2;1,043806;1,024111;1,054458;1,056825;1,033727
23/10/2024; 18:49:10;2;0,990919;1,005415;1,015813;1,04175;1,04584
23/10/2024; 18:49:10;2;1,045811;1,026845;1,015514;1,021813;1,042427
23/10/2024; 18:49:10;2;1,045811;1,026845;1,015514;1,021813;1,042427
23/10/2024; 18:49:10;2;1,125548;1,070412;1,050539;1,049192;1,037913
23/10/2024; 18:49:10;2;1,055996;1,073807;1,066808;1,05163;1,050326
23/10/2024; 18:49:10;2;1,055996;1,073807;1,066808;1,05163;1,050326
23/10/2024; 18:49:10;2;1,06072;1,080755;1,070535;1,065591;1,053145
23/10/2024; 18:49:10;2;1,040658;1,052458;1,070731;1,06456;1,061435
23/10/2024; 18:49:10;2;1,040658;1,052458;1,070731;1,06456;1,061435
23/10/2024; 18:49:11;2;0,929534;1,010304;1,021727;1,042491;1,042055
23/10/2024; 18:49:11;2;1,288587;1,086259;1,079875;1,075099;1,083507
23/10/2024; 18:49:11;2;0,976734;1,064951;1,058878;1,059246;1,058705
23/10/2024; 18:49:11;2;1,05579;1,107037;1,062661;1,05826;1,05867
23/10/2024; 18:49:11;2;1,000801;1,011108;1,080478;1,050289;1,048684
23/10/2024; 18:49:11;2;0,977747;1,011446;1,002768;1,059932;1,038199
23/10/2024; 18:49:11;2;1,185475;1,054675;1,054953;1,03931;1,080856
23/10/2024; 18:49:11;2;1,185475;1,054675;1,054953;1,03931;1,080856
23/10/2024; 18:49:11;2;0,913975;1,025733;1,0195;1,026758;1,01842
23/10/2024; 18:49:11;2;1,137135;1,078862;1,053583;1,043027;1,045154
23/10/2024; 18:49:11;2;0,932536;0,994548;1,04228;1,029374;1,024612
23/10/2024; 18:49:11;2;0,979685;1,016452;0,990833;1,029761;1,021092
23/10/2024; 18:49:12;2;0,979685;1,016452;0,990833;1,029761;1,021092
23/10/2024; 18:49:12;2;1,072657;0,994959;1,030503;1,007197;1,03691
23/10/2024; 18:49:12;2;1,226175;1,092839;1,052763;1,069637;1,043694
23/10/2024; 18:49:12;2;1,226175;1,092839;1,052763;1,069637;1,043694
23/10/2024; 18:49:12;2;1,083838;1,127556;1,090588;1,058978;1,072004
23/10/2024; 18:49:12;2;0,963557;1,09119;1,086557;1,065182;1,043074
23/10/2024; 18:49:12;2;0,963557;1,09119;1,086557;1,065182;1,043074
23/10/2024; 18:49:12;2;1,011709;1,019701;1,07132;1,071587;1,05627
23/10/2024; 18:49:12;2;1,062406;1,012557;1,030378;1,069537;1,070057
23/10/2024; 18:49:12;2;1,049634;1,04125;1,021827;1,034229;1,06622
23/10/2024; 18:49:12;2;1,050141;1,05406;1,043472;1,027489;1,036881
23/10/2024; 18:49:12;2;1,050141;1,05406;1,043472;1,027489;1,036881
23/10/2024; 18:49:13;2;0,998711;1,032828;1,040223;1,03452;1,022693
23/10/2024; 18:49:13;2;1,001726;1,016859;1,025053;1,032524;1,029054
23/10/2024; 18:49:13;2;1,001726;1,016859;1,025053;1,032524;1,029054
23/10/2024; 18:49:13;2;1,069066;1,023168;1,029911;1,033856;1,038614
23/10/2024; 18:49:13;2;0,908023;0,992939;0,994382;1,005533;1,012884
23/10/2024; 18:49:13;2;1,042059;1,006383;1,005219;1,003917;1,011621
23/10/2024; 18:49:13;2;1,105449;1,01851;1,031149;1,025265;1,020839
23/10/2024; 18:49:13;2;1,105449;1,01851;1,031149;1,025265;1,020839
23/10/2024; 18:49:13;2;0,988591;1,045366;1,011031;1,022638;1,019153
23/10/2024; 18:49:13;2;1,012095;1,035379;1,037049;1,011243;1,020881
23/10/2024; 18:49:13;2;1,012095;1,035379;1,037049;1,011243;1,020881
23/10/2024; 18:49:13;2;0,954779;0,985155;1,015229;1,020595;1,001833
23/10/2024; 18:49:13;2;1,041109;1,002661;0,999144;1,020405;1,024014
23/10/2024; 18:49:14;2;1,041109;1,002661;0,999144;1,020405;1,024014
23/10/2024; 18:49:14;2;1,217044;1,070977;1,056257;1,042724;1,053178
23/10/2024; 18:49:14;2;1,201162;1,153105;1,103523;1,085238;1,06913
23/10/2024; 18:49:14;2;1,215331;1,211179;1,168661;1,125885;1,10692
23/10/2024; 18:49:14;2;1,551121;1,322538;1,296165;1,245153;1,196758
23/10/2024; 18:49:14;2;1,551121;1,322538;1,296165;1,245153;1,196758
23/10/2024; 18:49:14;2;0,993414;1,253289;1,240257;1,235614;1,203197
23/10/2024; 18:49:14;2;0,769465;1,104667;1,132333;1,146099;1,157923
23/10/2024; 18:49:14;2;0,769465;1,104667;1,132333;1,146099;1,157923
23/10/2024; 18:49:14;2;1,609758;1,124212;1,230939;1,227818;1,223375
23/10/2024; 18:49:14;2;0,858668;1,079297;1,057826;1,156485;1,166293
23/10/2024; 18:49:14;2;0,633327;1,033917;0,967804;0,972926;1,069292
23/10/2024; 18:49:15;2;0,633327;1,033917;0,967804;0,972926;1,069292
23/10/2024; 18:49:15;2;1,272557;0,921517;1,093577;1,028755;1,022865
23/10/2024; 18:49:15;2;1,841261;1,249048;1,151453;1,243114;1,164173
23/10/2024; 18:49:15;2;0,811383;1,3084;1,139632;1,083439;1,171159
23/10/2024; 18:49:15;2;0,811383;1,3084;1,139632;1,083439;1,171159
23/10/2024; 18:49:15;2;0,467078;1,039907;1,09807;1,005121;0,980712
23/10/2024; 18:49:15;2;1,30329;0,860584;1,105753;1,139114;1,054816
23/10/2024; 18:49:15;2;1,30329;0,860584;1,105753;1,139114;1,054816
23/10/2024; 18:49:15;2;1,659737;1,143368;1,060372;1,21655;1,225884
23/10/2024; 18:49:15;2;0,439936;1,134321;0,96751;0,936285;1,087114
23/10/2024; 18:49:15;2;0,88105;0,993574;1,071003;0,950218;0,927079
23/10/2024; 18:49:15;2;1,928508;1,083165;1,227308;1,242504;1,113266
23/10/2024; 18:49:15;2;1,928508;1,083165;1,227308;1,242504;1,113266
23/10/2024; 18:49:16;2;0,838066;1,215875;1,02189;1,149459;1,175098
23/10/2024; 18:49:16;2;0,489508;1,085361;1,034283;0,915414;1,039467
23/10/2024; 18:49:16;2;0,489508;1,085361;1,034283;0,915414;1,039467
23/10/2024; 18:49:16;2;1,209067;0,845547;1,116287;1,06924;0,964356
23/10/2024; 18:49:16;2;1,641694;1,113423;1,044584;1,221369;1,164649
23/10/2024; 18:49:16;2;0,410768;1,087176;0,937759;0,91782;1,086268
23/10/2024; 18:49:16;2;0,410768;1,087176;0,937759;0,91782;1,086268
23/10/2024; 18:49:16;2;1,591901;1,070364;1,213197;1,212371;1,091893
23/10/2024; 18:49:16;2;1,591901;1,070364;1,213197;1,212371;1,091893
23/10/2024; 18:49:16;2;0,740649;1,180325;0,987935;1,118687;1,13375
23/10/2024; 18:49:16;2;0,507303;0,946617;1,012069;0,891809;1,01679
23/10/2024; 18:49:16;2;0,507303;0,946617;1,012069;0,891809;1,01679
23/10/2024; 18:49:17;2;1,217431;0,821794;1,014321;1,053141;0,946079
23/10/2024; 18:49:17;2;1,631957;1,118897;1,024335;1,137848;1,149611
23/10/2024; 18:49:17;2;0,556248;1,135212;0,978235;0,930717;1,040915
23/10/2024; 18:49:17;2;1,393474;1,193893;1,199777;1,061282;1,007843
23/10/2024; 18:49:17;2;1,757047;1,23559;1,334682;1,311231;1,177243
23/10/2024; 18:49:17;2;1,757047;1,23559;1,334682;1,311231;1,177243
23/10/2024; 18:49:17;2;0,607014;1,252511;1,078446;1,189148;1,193862
23/10/2024; 18:49:17;2;0,719016;1,027692;1,119138;1,00656;1,110793
23/10/2024; 18:49:17;2;0,719016;1,027692;1,119138;1,00656;1,110793
23/10/2024; 18:49:17;2;1,026564;0,784198;1,02741;1,100623;1,009894
23/10/2024; 18:49:17;2;1,227151;0,99091;0,894936;1,067358;1,121711
23/10/2024; 18:49:17;2;0,539604;0,931107;0,878084;0,82387;0,979399
23/10/2024; 18:49:18;2;0,539604;0,931107;0,878084;0,82387;0,979399
23/10/2024; 18:49:18;2;1,36655;1,044435;1,039968;0,975777;0,914317
23/10/2024; 18:49:18;2;1,722752;1,209635;1,214014;1,176524;1,100273
23/10/2024; 18:49:18;2;0,482475;1,190592;1,027845;1,067706;1,06085
23/10/2024; 18:49:18;2;0,482475;1,190592;1,027845;1,067706;1,06085
23/10/2024; 18:49:18;2;0,877751;1,027659;1,112382;0,997826;1,036047
23/10/2024; 18:49:18;2;2,127446;1,162557;1,302606;1,315395;1,186096
23/10/2024; 18:49:18;2;2,127446;1,162557;1,302606;1,315395;1,186096
23/10/2024; 18:49:18;2;0,777093;1,260764;1,066191;1,197503;1,225678
23/10/2024; 18:49:18;2;0,391326;1,098622;1,043404;0,931218;1,063141
23/10/2024; 18:49:18;2;1,266356;0,811592;1,140555;1,087994;0,987074
23/10/2024; 18:49:18;2;1,37164;1,009774;0,951604;1,186772;1,135269
23/10/2024; 18:49:19;2;0,321031;0,986342;0,837588;0,825489;1,042482
23/10/2024; 18:49:19;2;0,321031;0,986342;0,837588;0,825489;1,042482
23/10/2024; 18:49:19;2;1,463605;1,052092;1,105658;0,962791;0,931842
23/10/2024; 18:49:19;2;2,128104;1,304246;1,321095;1,310147;1,15701
23/10/2024; 18:49:19;2;2,128104;1,304246;1,321095;1,310147;1,15701
23/10/2024; 18:49:19;2;0,560947;1,384219;1,118422;1,169065;1,18528
23/10/2024; 18:49:19;2;0,612837;1,100629;1,191373;1,017305;1,076361
23/10/2024; 18:49:19;2;1,740579;0,971455;1,260617;1,301214;1,137851
23/10/2024; 18:49:19;2;0,92185;1,091756;0,959054;1,192864;1,237987
23/10/2024; 18:49:19;2;0,92185;1,091756;0,959054;1,192864;1,237987
23/10/2024; 18:49:19;2;0,412938;1,025123;0,922051;0,84983;1,062876
23/10/2024; 18:49:19;2;2,209337;1,181375;1,321176;1,179508;1,076415
23/10/2024; 18:49:19;2;2,209337;1,181375;1,321176;1,179508;1,076415
23/10/2024; 18:49:20;2;1,754522;1,458932;1,324662;1,407845;1,275344
23/10/2024; 18:49:20;2;0,568333;1,510731;1,236282;1,173396;1,267927
23/10/2024; 18:49:20;2;1,101684;1,141513;1,408469;1,209363;1,161444
23/10/2024; 18:49:20;2;2,02626;1,232092;1,3627;1,532027;1,345512
23/10/2024; 18:49:20;2;2,02626;1,232092;1,3627;1,532027;1,345512
23/10/2024; 18:49:20;2;0,595891;1,241279;1,073042;1,209338;1,376005
23/10/2024; 18:49:20;2;0,813187;1,145113;1,134256;1,021071;1,143313
23/10/2024; 18:49:20;2;0,813187;1,145113;1,134256;1,021071;1,143313
23/10/2024; 18:49:20;2;1,439573;0,949551;1,218728;1,195319;1,090822
23/10/2024; 18:49:20;2;1,165004;1,139255;1,003414;1,207983;1,190267
23/10/2024; 18:49:20;2;0,563406;1,055994;0,995292;0,915412;1,100554
23/10/2024; 18:49:20;2;0,563406;1,055994;0,995292;0,915412;1,100554
23/10/2024; 18:49:21;2;1,035087;0,921166;1,050767;1,003251;0,935358
23/10/2024; 18:49:21;2;1,92379;1,174094;1,171822;1,225372;1,156674
23/10/2024; 18:49:21;2;0,49641;1,151762;1,004673;1,036739;1,103878
23/10/2024; 18:49:21;2;0,49641;1,151762;1,004673;1,036739;1,103878
23/10/2024; 18:49:21;2;0,859566;1,093255;1,078713;0,975652;1,00721
23/10/2024; 18:49:21;2;2,051737;1,135904;1,332876;1,273318;1,154999
23/10/2024; 18:49:21;2;0,94134;1,284214;1,087263;1,254569;1,217988
23/10/2024; 18:49:21;2;0,94134;1,284214;1,087263;1,254569;1,217988
23/10/2024; 18:49:21;2;0,42606;1,139713;1,069676;0,955023;1,116484
23/10/2024; 18:49:21;2;0,931167;0,766189;1,087576;1,041974;0,951047
23/10/2024; 18:49:21;2;2,439924;1,265717;1,184623;1,358046;1,274966
23/10/2024; 18:49:21;2;1,037821;1,469637;1,208743;1,155263;1,304675
23/10/2024; 18:49:21;2;1,037821;1,469637;1,208743;1,155263;1,304675
23/10/2024; 18:49:22;2;0,555386;1,344377;1,241074;1,078072;1,055283
23/10/2024; 18:49:22;2;0,92931;0,840839;1,24061;1,178722;1,053278
23/10/2024; 18:49:22;2;0,92931;0,840839;1,24061;1,178722;1,053278
23/10/2024; 18:49:22;2;1,43418;0,972959;0,989174;1,279324;1,221298
23/10/2024; 18:49:22;2;0,867143;0,950749;0,945389;0,867389;0,895794
23/10/2024; 18:49:22;2;1,708197;1,042088;1,140111;1,097951;1,007523
23/10/2024; 18:49:22;2;1,708197;1,042088;1,140111;1,097951;1,007523
23/10/2024; 18:49:22;2;0,93901;1,17145;1,016319;1,099891;1,071461
23/10/2024; 18:49:22;2;1,023514;1,223574;1,134466;1,017758;1,087161
23/10/2024; 18:49:22;2;0,922547;0,96169;1,148317;1,092082;1,001889
23/10/2024; 18:49:22;2;1,031618;0,99256;0,979172;1,124977;1,082005
23/10/2024; 18:49:23;2;1,085417;1,013194;1,015774;1,000421;1,118384
23/10/2024; 18:49:23;2;1,090157;1,069064;1,032435;1,03065;1,015377
23/10/2024; 18:49:23;2;1,090157;1,069064;1,032435;1,03065;1,015377
23/10/2024; 18:49:23;2;1,077844;1,084473;1,071259;1,041517;1,038516
23/10/2024; 18:49:23;2;1,095619;1,087873;1,087259;1,076131;1,050534
23/10/2024; 18:49:23;2;1,095619;1,087873;1,087259;1,076131;1,050534
23/10/2024; 18:49:23;2;0,963882;1,045781;1,056875;1,062584;1,057423
23/10/2024; 18:49:23;2;1,040552;1,033351;1,044474;1,053611;1,058912
23/10/2024; 18:49:23;2;1,01441;1,006281;1,028616;1,038461;1,047077
23/10/2024; 18:49:23;2;1,170747;1,075237;1,047398;1,057042;1,060509
23/10/2024; 18:49:23;2;1,155115;1,113424;1,095206;1,068941;1,073388
23/10/2024; 18:49:24;2;1,155115;1,113424;1,095206;1,068941;1,073388
23/10/2024; 18:49:24;2;0,885267;1,070377;1,056385;1,053218;1,038329
23/10/2024; 18:49:24;2;1,044235;1,028206;1,063841;1,053955;1,051721
23/10/2024; 18:49:24;2;1,044235;1,028206;1,063841;1,053955;1,051721
23/10/2024; 18:49:24;2;1,084667;1,004723;1,042321;1,068006;1,059074
23/10/2024; 18:49:24;2;0,971934;1,033612;0,996526;1,028244;1,051994
23/10/2024; 18:49:24;2;1,037518;1,031373;1,034589;1,004724;1,029789
23/10/2024; 18:49:24;2;1,052114;1,020522;1,036558;1,038094;1,012623
23/10/2024; 18:49:24;2;1,037469;1,042367;1,024759;1,03674;1,037989
23/10/2024; 18:49:24;2;1,041935;1,043839;1,042259;1,028194;1,037606
23/10/2024; 18:49:24;2;1,063379;1,047594;1,048724;1,046483;1,034058
23/10/2024; 18:49:24;2;1,063379;1,047594;1,048724;1,046483;1,034058
23/10/2024; 18:49:25;2;1,052365;1,052559;1,048787;1,049452;1,047463
23/10/2024; 18:49:25;2;1,020073;1,045272;1,044438;1,043044;1,044556
23/10/2024; 18:49:25;2;1,020073;1,045272;1,044438;1,043044;1,044556
23/10/2024; 18:49:25;2;0,891292;0,98791;1,006777;1,013808;1,017752
23/10/2024; 18:49:25;2;1,00368;0,971682;0,991852;1,006158;1,01212
23/10/2024; 18:49:25;2;1,059453;0,984808;0,993624;1,005373;1,01504
23/10/2024; 18:49:25;2;1,060385;1,041173;1,003702;1,006976;1,014541
23/10/2024; 18:49:25;2;1,128855;1,082898;1,063093;1,028733;1,02729
23/10/2024; 18:49:25;2;1,128855;1,082898;1,063093;1,028733;1,02729
23/10/2024; 18:49:25;2;1,014426;1,067888;1,06578;1,05336;1,026348
23/10/2024; 18:49:25;2;1,041574;1,061618;1,06131;1,060939;1,051395
23/10/2024; 18:49:25;2;1,041574;1,061618;1,06131;1,060939;1,051395
23/10/2024; 18:49:25;2;1,013219;1,023073;1,049518;1,051692;1,052985
23/10/2024; 18:49:26;2;1,01853;1,024441;1,021937;1,043321;1,046165
23/10/2024; 18:49:26;2;1,038758;1,023502;1,02802;1,025301;1,04256
23/10/2024; 18:49:26;2;1,018399;1,025229;1,022226;1,026096;1,024151
23/10/2024; 18:49:26;2;1,018399;1,025229;1,022226;1,026096;1,024151
23/10/2024; 18:49:26;2;0,950209;1,002455;1,006474;1,007823;1,013448
23/10/2024; 18:49:26;2;1,153353;1,040654;1,04018;1,03585;1,032078
23/10/2024; 18:49:26;2;1,153353;1,040654;1,04018;1,03585;1,032078
23/10/2024; 18:49:26;2;1,014596;1,039386;1,034139;1,035063;1,032308
23/10/2024; 18:49:26;2;1,035363;1,067771;1,038381;1,034384;1,035113
23/10/2024; 18:49:26;2;0,970905;1,006955;1,043555;1,024885;1,023804
23/10/2024; 18:49:26;2;1,096622;1,034297;1,029372;1,054168;1,036842
23/10/2024; 18:49:27;2;1,096622;1,034297;1,029372;1,054168;1,036842
23/10/2024; 18:49:27;2;1,111079;1,059535;1,053492;1,045713;1,063653
23/10/2024; 18:49:27;2;1,10811;1,10527;1,071679;1,064416;1,056113
23/10/2024; 18:49:27;2;1,10811;1,10527;1,071679;1,064416;1,056113
23/10/2024; 18:49:27;2;1,110474;1,109888;1,106571;1,079438;1,072092
23/10/2024; 18:49:27;2;1,075708;1,098097;1,101343;1,100399;1,078817
23/10/2024; 18:49:27;2;0,924271;1,036818;1,054641;1,065928;1,071044
23/10/2024; 18:49:27;2;0,984297;0,994759;1,023687;1,040572;1,052323
23/10/2024; 18:49:27;2;1,888087;1,265551;1,218091;1,196567;1,181825
23/10/2024; 18:49:27;2;1,888087;1,265551;1,218091;1,196567;1,181825
23/10/2024; 18:49:27;2;1,23211;1,368164;1,257191;1,220895;1,202491
23/10/2024; 18:49:27;2;0,45041;1,190202;1,138726;1,095835;1,09248
23/10/2024; 18:49:27;2;0,859446;0,847322;1,107513;1,08287;1,056437
23/10/2024; 18:49:28;2;0,859446;0,847322;1,107513;1,08287;1,056437
23/10/2024; 18:49:28;2;1,750981;1,020279;1,073237;1,236207;1,194222
23/10/2024; 18:49:28;2;1,002288;1,204238;1,015781;1,059047;1,19722
23/10/2024; 18:49:28;2;0,378833;1,044034;0,997887;0,888391;0,945678
23/10/2024; 18:49:28;2;1,61046;0,997194;1,185641;1,120402;1,008736
23/10/2024; 18:49:28;2;1,728151;1,239148;1,179933;1,294143;1,221693
23/10/2024; 18:49:28;2;1,728151;1,239148;1,179933;1,294143;1,221693
23/10/2024; 18:49:28;2;0,40968;1,24943;1,031781;1,025882;1,146732
23/10/2024; 18:49:28;2;1,313241;1,150357;1,265383;1,088073;1,073776
23/10/2024; 18:49:28;2;1,313241;1,150357;1,265383;1,088073;1,073776
23/10/2024; 18:49:28;2;1,630703;1,117875;1,270444;1,338447;1,178511
23/10/2024; 18:49:29;2;0,89276;1,278902;1,061596;1,194907;1,264166
23/10/2024; 18:49:29;2;0,467648;0,997037;1,076088;0,942806;1,073697
23/10/2024; 18:49:29;2;1,761699;1,040702;1,188203;1,21321;1,079289
23/10/2024; 18:49:29;2;1,761699;1,040702;1,188203;1,21321;1,079289
23/10/2024; 18:49:29;2;1,434057;1,221135;1,139041;1,237374;1,250018
23/10/2024; 18:49:29;2;0,389106;1,194954;1,013128;0,989054;1,095996
23/10/2024; 18:49:29;2;0,897072;0,906745;1,120483;0,989916;0,973724
23/10/2024; 18:49:29;2;1,86236;1,049513;1,145649;1,268859;1,135324
23/10/2024; 18:49:29;2;1,195954;1,318462;1,086123;1,15571;1,256708
23/10/2024; 18:49:29;2;1,195954;1,318462;1,086123;1,15571;1,256708
23/10/2024; 18:49:29;2;0,475424;1,177913;1,107703;0,963983;1,042329
23/10/2024; 18:49:29;2;1,138248;0,936542;1,167997;1,113812;0,993027
23/10/2024; 18:49:30;2;2,297109;1,303594;1,276684;1,393819;1,311028
23/10/2024; 18:49:30;2;2,297109;1,303594;1,276684;1,393819;1,311028
23/10/2024; 18:49:30;2;0,58253;1,339296;1,123328;1,137853;1,258604
23/10/2024; 18:49:30;2;1,085849;1,321829;1,275934;1,115832;1,129186
23/10/2024; 18:49:30;2;1,085849;1,321829;1,275934;1,115832;1,129186
23/10/2024; 18:49:30;2;1,770409;1,146263;1,433974;1,374829;1,224928
23/10/2024; 18:49:30;2;0,788497;1,214918;1,056821;1,304879;1,277107
23/10/2024; 18:49:30;2;0,389027;0,982644;1,008446;0,923263;1,152237
23/10/2024; 18:49:30;2;1,349503;0,842342;1,074359;1,076657;0,994303
23/10/2024; 18:49:30;2;2,170741;1,30309;1,174442;1,293636;1,259004
23/10/2024; 18:49:30;2;0,511999;1,344081;1,105318;1,041953;1,163363
23/10/2024; 18:49:30;2;0,511999;1,344081;1,105318;1,041953;1,163363
23/10/2024; 18:49:30;2;0,368317;1,017019;1,10014;0,957917;0,929681
23/10/2024; 18:49:31;2;1,264775;0,71503;1,078958;1,133067;1,00906
23/10/2024; 18:49:31;2;1,850372;1,161155;0,998866;1,233241;1,252618
23/10/2024; 18:49:31;2;0,574685;1,229944;1,014537;0,914029;1,123482
23/10/2024; 18:49:31;2;1,273638;1,232898;1,240868;1,066357;0,973964
23/10/2024; 18:49:31;2;1,483297;1,11054;1,295498;1,289353;1,135847
23/10/2024; 18:49:31;2;0,92476;1,227232;1,064095;1,22135;1,228588
23/10/2024; 18:49:31;2;0,92476;1,227232;1,064095;1,22135;1,228588
23/10/2024; 18:49:31;2;0,467458;0,958505;1,037288;0,944768;1,095702
23/10/2024; 18:49:31;2;1,650547;1,014255;1,131516;1,15994;1,062398
23/10/2024; 18:49:31;2;1,650547;1,014255;1,131516;1,15994;1,062398
23/10/2024; 18:49:31;2;1,989264;1,36909;1,258007;1,303065;1,298161
23/10/2024; 18:49:32;2;0,519796;1,386536;1,156766;1,110365;1,17252
23/10/2024; 18:49:32;2;0,698149;1,06907;1,214439;1,065043;1,041662
23/10/2024; 18:49:32;2;1,4866;0,901515;1,173452;1,268871;1,135302
23/10/2024; 18:49:32;2;1,270061;1,151603;0,993651;1,192774;1,269069
23/10/2024; 18:49:32;2;1,270061;1,151603;0,993651;1,192774;1,269069
23/10/2024; 18:49:32;2;0,394747;1,050469;0,962389;0,873871;1,059769
23/10/2024; 18:49:32;2;1,169164;0,944657;1,080143;1,003744;0,923086
23/10/2024; 18:49:32;2;1,169164;0,944657;1,080143;1,003744;0,923086
23/10/2024; 18:49:32;2;2,034556;1,199489;1,217132;1,271025;1,175546
23/10/2024; 18:49:32;2;0,774033;1,088686;1,108806;0,965994;1,016672
23/10/2024; 18:49:32;2;0,774033;1,088686;1,108806;0,965994;1,016672
23/10/2024; 18:49:33;2;1,528512;0,920005;1,198643;1,192747;1,059747
23/10/2024; 18:49:33;2;0,796305;1,026988;0,963749;0,862494;1,057837
23/10/2024; 18:49:33;2;2,512709;1,355054;1,398419;1,273541;1,137529
23/10/2024; 18:49:33;2;0,748893;1,352636;1,203514;1,268513;1,1861
23/10/2024; 18:49:33;2;0,748893;1,352636;1,203514;1,268513;1,1861
23/10/2024; 18:49:33;2;0,331853;1,197818;1,09744;1,029181;1,112403
23/10/2024; 18:49:33;2;1,012043;0,697596;1,151374;1,080361;1,026325
23/10/2024; 18:49:33;2;1,012043;0,697596;1,151374;1,080361;1,026325
23/10/2024; 18:49:33;2;1,237399;0,860432;0,832547;1,168579;1,106534
23/10/2024; 18:49:33;2;0,799966;1,016469;0,845315;0,826031;1,107144
23/10/2024; 18:49:34;2;0,799966;1,016469;0,845315;0,826031;1,107144
23/10/2024; 18:49:34;2;1,455742;1,164369;1,126288;0,967401;0,930983
23/10/2024; 18:49:34;2;2,306381;1,520697;1,449872;1,362306;1,190564
23/10/2024; 18:49:34;2;0,707803;1,489976;1,317473;1,301458;1,253222
23/10/2024; 18:49:34;2;0,336199;1,116794;1,201531;1,121218;1,140582
23/10/2024; 18:49:34;2;1,167854;0,737285;1,129559;1,194796;1,128991
23/10/2024; 18:49:34;2;1,754268;1,086107;0,991531;1,254501;1,288041
23/10/2024; 18:49:34;2;0,49986;1,140661;0,939545;0,893197;1,128728
23/10/2024; 18:49:34;2;0,640771;0,964966;1,015688;0,87979;0,851126
23/10/2024; 18:49:34;2;1,816185;0,985606;1,177771;1,175788;1,035856
23/10/2024; 18:49:34;2;1,025525;1,160827;0,995585;1,147322;1,150744
23/10/2024; 18:49:35;2;0,418061;1,08659;0,975136;0,880081;1,025778
23/10/2024; 18:49:35;2;0,418061;1,08659;0,975136;0,880081;1,025778
23/10/2024; 18:49:35;2;1,510199;0,984595;1,192493;1,082148;0,9851
23/10/2024; 18:49:35;2;2,067487;1,331916;1,255318;1,367491;1,246371
23/10/2024; 18:49:35;2;2,067487;1,331916;1,255318;1,367491;1,246371
23/10/2024; 18:49:35;2;0,907723;1,495137;1,225868;1,185799;1,290863
23/10/2024; 18:49:35;2;0,806104;1,260438;1,322878;1,141915;1,122517
23/10/2024; 18:49:35;2;1,581018;1,098282;1,340583;1,374506;1,215099
23/10/2024; 18:49:35;2;1,301991;1,229704;1,149209;1,332865;1,36242
23/10/2024; 18:49:35;2;0,944661;1,27589;1,158443;1,108299;1,268164
23/10/2024; 18:49:35;2;0,633448;0,960033;1,11528;1,053444;1,029158
23/10/2024; 18:49:36;2;0,633448;0,960033;1,11528;1,053444;1,029158
23/10/2024; 18:49:36;2;1,010383;0,862831;0,972621;1,0943;1,046268
23/10/2024; 18:49:36;2;1,287292;0,977041;0,968946;1,035555;1,126466
23/10/2024; 18:49:36;2;1,287292;0,977041;0,968946;1,035555;1,126466
23/10/2024; 18:49:36;2;0,955801;1,084492;0,971731;0,966317;1,022263
23/10/2024; 18:49:36;2;1,129716;1,12427;1,095798;1,003328;0,99355
23/10/2024; 18:49:36;2;0,974789;1,020102;1,0869;1,071596;0,998572
23/10/2024; 18:49:36;2;1,139487;1,081331;1,049948;1,097417;1,082911
23/10/2024; 18:49:36;2;1,002769;1,039015;1,06169;1,040512;1,081642
23/10/2024; 18:49:36;2;1,002769;1,039015;1,06169;1,040512;1,081642
23/10/2024; 18:49:36;2;1,054597;1,065618;1,042911;1,060272;1,04286
23/10/2024; 18:49:36;2;1,001104;1,01949;1,049489;1,034549;1,050411
23/10/2024; 18:49:36;2;1,001104;1,01949;1,049489;1,034549;1,050411
23/10/2024; 18:49:37;2;1,127505;1,061069;1,046494;1,065093;1,050042
23/10/2024; 18:49:37;2;0,905027;1,011212;1,022058;1,018201;1,038415
23/10/2024; 18:49:37;2;1,304495;1,112342;1,084533;1,078546;1,065916
23/10/2024; 18:49:37;2;0,985198;1,064907;1,080556;1,064666;1,062988
23/10/2024; 18:49:37;2;1,119529;1,136407;1,078562;1,088351;1,07381
23/10/2024; 18:49:37;2;1,024672;1,043133;1,108474;1,067784;1,077738
23/10/2024; 18:49:37;2;1,024672;1,043133;1,108474;1,067784;1,077738
23/10/2024; 18:49:37;2;1,023732;1,055977;1,038283;1,091525;1,060442
23/10/2024; 18:49:37;2;1,067468;1,038624;1,05885;1,04412;1,087516
23/10/2024; 18:49:37;2;1,067468;1,038624;1,05885;1,04412;1,087516
23/10/2024; 18:49:37;2;1,039848;1,043683;1,03893;1,05505;1,043408
23/10/2024; 18:49:37;2;0,96554;1,024285;1,024147;1,024252;1,040131
23/10/2024; 18:49:38;2;1,056768;1,020719;1,032406;1,030671;1,029671
23/10/2024; 18:49:38;2;0,949633;0,990647;1,002947;1,015851;1,017165
23/10/2024; 18:49:38;2;0,949633;0,990647;1,002947;1,015851;1,017165
23/10/2024; 18:49:38;2;1,108423;1,038275;1,020091;1,024042;1,03128
23/10/2024; 18:49:38;2;1,193514;1,083857;1,077085;1,054776;1,052288
23/10/2024; 18:49:38;2;1,193514;1,083857;1,077085;1,054776;1,052288
23/10/2024; 18:49:38;2;0,925445;1,075794;1,044254;1,046757;1,033221
23/10/2024; 18:49:38;2;0,942426;1,020462;1,042452;1,023888;1,029368
23/10/2024; 18:49:38;2;1,26404;1,04397;1,081356;1,08677;1,063913
23/10/2024; 18:49:38;2;0,876985;1,027817;1,002224;1,040482;1,051805
23/10/2024; 18:49:38;2;0,974537;1,038521;1,014497;0,996687;1,029491
23/10/2024; 18:49:38;2;0,974537;1,038521;1,014497;0,996687;1,029491
23/10/2024; 18:49:39;2;1,089852;0,980458;1,051354;1,029568;1,012214
23/10/2024; 18:49:39;2;1,021991;1,028794;0,990842;1,045481;1,028305
23/10/2024; 18:49:39;2;1,021991;1,028794;0,990842;1,045481;1,028305
23/10/2024; 18:49:39;2;1,251747;1,121197;1,084532;1,043022;1,079859
23/10/2024; 18:49:39;2;0,968514;1,080751;1,083026;1,061328;1,030604
23/10/2024; 18:49:39;2;1,065367;1,095209;1,076905;1,079494;1,062001
23/10/2024; 18:49:39;2;0,991826;1,008569;1,069363;1,059889;1,064883
23/10/2024; 18:49:39;2;0,991826;1,008569;1,069363;1,059889;1,064883
23/10/2024; 18:49:39;2;1,019624;1,025605;1,011333;1,059415;1,053178
23/10/2024; 18:49:39;2;1,03258;1,014677;1,027349;1,015582;1,054943
23/10/2024; 18:49:39;2;1,03258;1,014677;1,027349;1,015582;1,054943
23/10/2024; 18:49:39;2;0,942441;0,998215;0,996618;1,010368;1,003392
23/10/2024; 18:49:39;2;1,070623;1,015215;1,016317;1,011419;1,02041
23/10/2024; 18:49:40;2;1,026538;1,013201;1,018046;1,018361;1,013939
23/10/2024; 18:49:40;2;1,025824;1,040995;1,016357;1,019601;1,019605
23/10/2024; 18:49:40;2;1,025824;1,040995;1,016357;1,019601;1,019605
23/10/2024; 18:49:40;2;1,009334;1,020565;1,03308;1,014952;1,01789
23/10/2024; 18:49:40;2;1,076569;1,037243;1,034566;1,041778;1,025222
23/10/2024; 18:49:40;2;1,076569;1,037243;1,034566;1,041778;1,025222
23/10/2024; 18:49:40;2;0,981758;1,022554;1,023371;1,024005;1,031775
23/10/2024; 18:49:40;2;1,057867;1,038731;1,031382;1,030271;1,029648
23/10/2024; 18:49:40;2;1,057867;1,038731;1,031382;1,030271;1,029648
23/10/2024; 18:49:40;2;1,135958;1,058528;1,063038;1,052297;1,047885
23/10/2024; 18:49:40;2;1,005396;1,066407;1,045245;1,05151;1,04448
23/10/2024; 18:49:40;2;1,043374;1,061576;1,060648;1,04487;1,050154
23/10/2024; 18:49:41;2;0,887007;0,978592;1,017933;1,02592;1,01856
23/10/2024; 18:49:41;2;0,887007;0,978592;1,017933;1,02592;1,01856
23/10/2024; 18:49:41;2;1,022793;0,984391;0,989642;1,018905;1,025399
23/10/2024; 18:49:41;2;1,243801;1,0512;1,049244;1,040474;1,056388
23/10/2024; 18:49:41;2;1,726838;1,331144;1,22011;1,184762;1,154868
23/10/2024; 18:49:41;2;1,726838;1,331144;1,22011;1,184762;1,154868
23/10/2024; 18:49:41;2;1,461565;1,477402;1,363749;1,268401;1,230896
23/10/2024; 18:49:41;2;0,610405;1,26627;1,260652;1,21308;1,158735
23/10/2024; 18:49:41;2;0,539234;0,870401;1,084511;1,116369;1,100773
23/10/2024; 18:49:41;2;1,236829;0,795489;0,962008;1,114974;1,136445
23/10/2024; 18:49:41;2;1,615808;1,130624;1,000569;1,092768;1,198447
23/10/2024; 18:49:41;2;0,788172;1,213603;1,045011;0,95809;1,042002
23/10/2024; 18:49:42;2;0,788172;1,213603;1,045011;0,95809;1,042002
23/10/2024; 18:49:42;2;0,8755;1,09316;1,129077;1,011109;0,944325
23/10/2024; 18:49:42;2;1,672319;1,111997;1,23795;1,237725;1,12131
23/10/2024; 18:49:42;2;1,040341;1,196053;1,094083;1,198428;1,204828
23/10/2024; 18:49:42;2;0,335024;1,015895;0,980796;0,942271;1,054527
23/10/2024; 18:49:42;2;0,335024;1,015895;0,980796;0,942271;1,054527
23/10/2024; 18:49:42;2;0,936823;0,770729;0,996127;0,972001;0,941363
23/10/2024; 18:49:42;2;1,957361;1,076403;1,067387;1,188373;1,136228
23/10/2024; 18:49:42;2;1,957361;1,076403;1,067387;1,188373;1,136228
23/10/2024; 18:49:42;2;0,672081;1,188755;0,975322;0,988326;1,102325
23/10/2024; 18:49:42;2;0,322882;0,984108;0,972287;0,844834;0,877419
23/10/2024; 18:49:42;2;0,322882;0,984108;0,972287;0,844834;0,877419
23/10/2024; 18:49:43;2;1,442149;1,139632;1,022744;1,209667;1,164194
23/10/2024; 18:49:43;2;1,442149;1,139632;1,022744;1,209667;1,164194
23/10/2024; 18:49:43;2;0,342276;1,146096;0,940293;0,88665;1,065102
23/10/2024; 18:49:43;2;0,957506;0,913977;1,098949;0,943735;0,89846
23/10/2024; 18:49:43;2;0,957506;0,913977;1,098949;0,943735;0,89846
23/10/2024; 18:49:43;2;1,674593;0,991458;1,104131;1,214078;1,065545
23/10/2024; 18:49:43;2;0,724503;1,118867;0,924719;1,028205;1,132482
23/10/2024; 18:49:43;2;0,724503;1,118867;0,924719;1,028205;1,132482
23/10/2024; 18:49:43;2;0,640898;1,013331;0,999375;0,867955;0,963654
23/10/2024; 18:49:43;2;1,438239;0,934546;1,119558;1,087148;0,963002
23/10/2024; 18:49:43;2;2,217547;1,432228;1,255297;1,339156;1,275548
23/10/2024; 18:49:43;2;0,388838;1,348208;1,171381;1,082005;1,18077
23/10/2024; 18:49:43;2;0,388838;1,348208;1,171381;1,082005;1,18077
23/10/2024; 18:49:44;2;1,011004;1,205797;1,263907;1,139305;1,070171
23/10/2024; 18:49:44;2;1,924011;1,107951;1,38535;1,395928;1,27009
23/10/2024; 18:49:44;2;1,011255;1,315423;1,083777;1,310531;1,331816
23/10/2024; 18:49:44;2;1,011255;1,315423;1,083777;1,310531;1,331816
23/10/2024; 18:49:44;2;0,484142;1,139802;1,107603;0,96385;1,1728
23/10/2024; 18:49:44;2;1,65596;1,050452;1,268842;1,217274;1,079202
23/10/2024; 18:49:44;2;0,619971;0,920024;0,942832;1,139068;1,117724
23/10/2024; 18:49:44;2;0,619971;0,920024;0,942832;1,139068;1,117724
23/10/2024; 18:49:44;2;0,605181;0,960371;0,841313;0,875302;1,050087
23/10/2024; 18:49:44;2;1,092109;0,77242;0,993305;0,891472;0,911436
23/10/2024; 18:49:44;2;1,092109;0,77242;0,993305;0,891472;0,911436
23/10/2024; 18:49:44;2;2,004723;1,234004;1,080496;1,195589;1,077014
23/10/2024; 18:49:45;2;0,928516;1,341783;1,157632;1,0501;1,151077
23/10/2024; 18:49:45;2;0,366108;1,099782;1,097864;0,999327;0,936101
23/10/2024; 18:49:45;2;0,366108;1,099782;1,097864;0,999327;0,936101
23/10/2024; 18:49:45;2;1,352393;0,882339;1,162935;1,14877;1,058172
23/10/2024; 18:49:45;2;1,180402;0,966301;0,956855;1,166428;1,154042
23/10/2024; 18:49:45;2;0,688939;1,073911;0,89696;0,903271;1,086847
23/10/2024; 18:49:45;2;0,688939;1,073911;0,89696;0,903271;1,086847
23/10/2024; 18:49:45;2;1,345354;1,071565;1,141772;0,986639;0,976952
23/10/2024; 18:49:45;2;2,14347;1,392588;1,339541;1,342111;1,179444
23/10/2024; 18:49:45;2;2,14347;1,392588;1,339541;1,342111;1,179444
23/10/2024; 18:49:45;2;0,688583;1,392469;1,216586;1,209349;1,23319
23/10/2024; 18:49:45;2;0,334013;1,055355;1,127855;1,040072;1,06346
23/10/2024; 18:49:46;2;1,429076;0,817224;1,148786;1,188099;1,104906
23/10/2024; 18:49:46;2;1,326538;1,029876;0,944553;1,184336;1,211172
23/10/2024; 18:49:46;2;1,326538;1,029876;0,944553;1,184336;1,211172
23/10/2024; 18:49:46;2;0,714345;1,156653;0,950993;0,898511;1,106004
23/10/2024; 18:49:46;2;1,195696;1,07886;1,166414;0,999934;0,948042
23/10/2024; 18:49:46;2;1,195696;1,07886;1,166414;0,999934;0,948042
23/10/2024; 18:49:46;2;2,028547;1,312863;1,316281;1,33884;1,171369
23/10/2024; 18:49:46;2;0,802767;1,342337;1,185339;1,213579;1,249495
23/10/2024; 18:49:46;2;0,569994;1,133769;1,149251;1,06227;1,106315
23/10/2024; 18:49:46;2;0,569994;1,133769;1,149251;1,06227;1,106315
23/10/2024; 18:49:46;2;1,208446;0,860403;1,152439;1,16109;1,086632
23/10/2024; 18:49:46;2;1,581187;1,119876;1,040599;1,238188;1,231106
23/10/2024; 18:49:46;2;0,879964;1,223199;1,059898;1,008472;1,178484
23/10/2024; 18:49:47;2;0,879964;1,223199;1,059898;1,008472;1,178484
23/10/2024; 18:49:47;2;1,096897;1,186016;1,191624;1,067298;1,023209
23/10/2024; 18:49:47;2;2,143136;1,373332;1,425296;1,381926;1,246604
23/10/2024; 18:49:47;2;2,143136;1,373332;1,425296;1,381926;1,246604
23/10/2024; 18:49:47;2;0,987181;1,409071;1,276794;1,337673;1,316135
23/10/2024; 18:49:47;2;1,195409;0,897786;1,209123;1,186678;1,135559
23/10/2024; 18:49:47;2;1,843796;1,183324;1,134288;1,336058;1,296198
23/10/2024; 18:49:47;2;1,843796;1,183324;1,134288;1,336058;1,296198
23/10/2024; 18:49:47;2;0,606722;1,215309;1,039173;1,028775;1,214502
23/10/2024; 18:49:47;2;0,819291;1,089936;1,116305;0,995197;0,993861
23/10/2024; 18:49:47;2;0,819291;1,089936;1,116305;0,995197;0,993861
23/10/2024; 18:49:47;2;2,439511;1,288508;1,42733;1,380946;1,235916
23/10/2024; 18:49:47;2;1,003492;1,420765;1,217254;1,342563;1,318037
23/10/2024; 18:49:48;2;0,774018;1,405674;1,259078;1,128607;1,247805
23/10/2024; 18:49:48;2;0,880567;0,886026;1,274397;1,183376;1,087267
23/10/2024; 18:49:48;2;0,880567;0,886026;1,274397;1,183376;1,087267
23/10/2024; 18:49:48;2;1,7822;1,145595;1,110069;1,375958;1,28318
23/10/2024; 18:49:48;2;0,771156;1,144641;1,051985;1,042287;1,275157
23/10/2024; 18:49:48;2;0,771156;1,144641;1,051985;1,042287;1,275157
23/10/2024; 18:49:48;2;0,738121;1,097159;1,043011;0,989212;0,991592
23/10/2024; 18:49:48;2;1,817526;1,108934;1,277251;1,197914;1,127265
23/10/2024; 18:49:48;2;1,39762;1,317756;1,181106;1,301324;1,231198
23/10/2024; 18:49:48;2;0,693045;1,30273;1,161578;1,083493;1,199944
23/10/2024; 18:49:48;2;0,662156;0,917607;1,142587;1,061694;1,01327
23/10/2024; 18:49:49;2;0,662156;0,917607;1,142587;1,061694;1,01327
23/10/2024; 18:49:49;2;1,545356;0,966852;1,074544;1,22314;1,142304
23/10/2024; 18:49:49;2;1,538863;1,248792;1,109855;1,167408;1,275761
23/10/2024; 18:49:49;2;1,538863;1,248792;1,109855;1,167408;1,275761
23/10/2024; 18:49:49;2;0,672291;1,25217;1,104666;1,022342;1,084888
23/10/2024; 18:49:49;2;1,041193;1,084116;1,199426;1,091972;1,025484
23/10/2024; 18:49:49;2;1,041193;1,084116;1,199426;1,091972;1,025484
23/10/2024; 18:49:49;2;1,182362;0,965282;1,108677;1,196013;1,107037
23/10/2024; 18:49:49;2;1,119366;1,114307;1,003803;1,110815;1,183238
23/10/2024; 18:49:49;2;1,388597;1,230108;1,182879;1,080762;1,157112
23/10/2024; 18:49:49;2;0,910424;1,139462;1,150187;1,128388;1,052372
23/10/2024; 18:49:49;2;0,869987;1,056336;1,072093;1,094147;1,085321
23/10/2024; 18:49:50;2;0,869987;1,056336;1,072093;1,094147;1,085321
23/10/2024; 18:49:50;2;1,058824;0,946412;1,056958;1,06944;1,08826
23/10/2024; 18:49:50;2;1,062238;0,997017;0,975368;1,058014;1,068239
23/10/2024; 18:49:50;2;1,062238;0,997017;0,975368;1,058014;1,068239
23/10/2024; 18:49:50;2;0,966878;1,029313;0,989482;0,97367;1,042825
23/10/2024; 18:49:50;2;0,96209;0,997069;1,012508;0,984004;0,97174
23/10/2024; 18:49:50;2;1,018878;0,982615;1,002521;1,013782;0,989816
23/10/2024; 18:49:50;2;1,075257;1,018741;1,005776;1,017068;1,024027
23/10/2024; 18:49:50;2;1,075257;1,018741;1,005776;1,017068;1,024027
23/10/2024; 18:49:50;2;1,314749;1,136294;1,092743;1,06757;1,066682
23/10/2024; 18:49:50;2;1,101928;1,163978;1,127703;1,09458;1,073297
23/10/2024; 18:49:50;2;1,101928;1,163978;1,127703;1,09458;1,073297
23/10/2024; 18:49:50;2;0,866872;1,094517;1,089702;1,075537;1,056629
23/10/2024; 18:49:51;2;1,049312;1,006038;1,083215;1,081624;1,071166
23/10/2024; 18:49:51;2;0,871838;0,929341;0,972488;1,04094;1,046659
23/10/2024; 18:49:51;2;1,023328;0,981493;0,952838;0,982656;1,038005
23/10/2024; 18:49:51;2;1,023328;0,981493;0,952838;0,982656;1,038005
23/10/2024; 18:49:51;2;1,233411;1,042859;1,044472;1,008952;1,024448
23/10/2024; 18:49:51;2;1,209232;1,155324;1,084452;1,077424;1,042332
23/10/2024; 18:49:51;2;0,888388;1,110344;1,08859;1,045239;1,045918
23/10/2024; 18:49:51;2;0,888388;1,110344;1,08859;1,045239;1,045918
23/10/2024; 18:49:51;2;0,804555;0,967392;1,033897;1,031783;1,005125
23/10/2024; 18:49:51;2;0,956132;0,883025;0,964577;1,018344;1,019175
23/10/2024; 18:49:51;2;1,155941;0,972209;0,951254;1,00285;1,041277
23/10/2024; 18:49:51;2;1,408677;1,173583;1,081326;1,042739;1,070488
23/10/2024; 18:49:52;2;1,408677;1,173583;1,081326;1,042739;1,070488
23/10/2024; 18:49:52;2;0,984599;1,183072;1,126337;1,061981;1,033049
23/10/2024; 18:49:52;2;1,070372;1,154549;1,154897;1,115144;1,063379
23/10/2024; 18:49:52;2;1,070372;1,154549;1,154897;1,115144;1,063379
23/10/2024; 18:49:52;2;0,886543;0,980505;1,087548;1,101226;1,077044
23/10/2024; 18:49:52;2;0,85384;0,936918;0,948838;1,040806;1,059995
23/10/2024; 18:49:52;2;1,06026;0,933547;0,967754;0,971123;1,044048
23/10/2024; 18:49:52;2;1,525745;1,146615;1,081597;1,079352;1,06356
23/10/2024; 18:49:52;2;0,981503;1,189169;1,105337;1,061578;1,063044
23/10/2024; 18:49:52;2;0,981503;1,189169;1,105337;1,061578;1,063044
23/10/2024; 18:49:52;2;0,773569;1,093606;1,085269;1,038983;1,013577
23/10/2024; 18:49:52;2;0,954269;0,903114;1,058771;1,059069;1,024864
23/10/2024; 18:49:53;2;0,986015;0,904617;0,923839;1,04422;1,046893
23/10/2024; 18:49:53;2;0,986015;0,904617;0,923839;1,04422;1,046893
23/10/2024; 18:49:53;2;1,481518;1,140601;1,048843;1,035375;1,117103
23/10/2024; 18:49:53;2;1,134358;1,20063;1,13904;1,065946;1,051872
23/10/2024; 18:49:53;2;0,957413;1,191096;1,139826;1,102714;1,047857
23/10/2024; 18:49:53;2;0,720368;0,937379;1,073414;1,055934;1,03899
23/10/2024; 18:49:53;2;0,720368;0,937379;1,073414;1,055934;1,03899
23/10/2024; 18:49:53;2;0,974168;0,883983;0,946576;1,053565;1,042306
23/10/2024; 18:49:53;2;1,357019;1,017185;1,002242;1,028665;1,104141
23/10/2024; 18:49:53;2;1,317952;1,21638;1,092377;1,065384;1,07688
23/10/2024; 18:49:53;2;1,317952;1,21638;1,092377;1,065384;1,07688
23/10/2024; 18:49:53;2;0,991616;1,222196;1,160189;1,072224;1,053089
23/10/2024; 18:49:54;2;0,733743;1,014437;1,100083;1,0749;1,015811
23/10/2024; 18:49:54;2;1,049796;0,925052;1,023277;1,090025;1,070716
23/10/2024; 18:49:54;2;1,318301;1,033946;1,023364;1,082282;1,128071
23/10/2024; 18:49:54;2;1,318301;1,033946;1,023364;1,082282;1,128071
23/10/2024; 18:49:54;2;1,305949;1,224682;1,101947;1,079881;1,11956
23/10/2024; 18:49:54;2;1,158532;1,260927;1,208145;1,113264;1,09299
23/10/2024; 18:49:54;2;1,158532;1,260927;1,208145;1,113264;1,09299
23/10/2024; 18:49:54;2;0,609412;1,024631;1,098048;1,088398;1,029289
23/10/2024; 18:49:54;2;0,890034;0,885993;0,990982;1,056445;1,055337
23/10/2024; 18:49:54;2;1,175177;0,891541;0,958289;1,027821;1,076234
23/10/2024; 18:49:54;2;1,280069;1,115093;0,988673;1,022645;1,069862
23/10/2024; 18:49:54;2;1,280069;1,115093;0,988673;1,022645;1,069862
23/10/2024; 18:49:55;2;1,206657;1,220634;1,137984;1,03227;1,053313
23/10/2024; 18:49:55;2;0,735906;1,074211;1,099452;1,057569;0,982876
23/10/2024; 18:49:55;2;0,735906;1,074211;1,099452;1,057569;0,982876
23/10/2024; 18:49:55;2;0,901615;0,948059;1,031062;1,059885;1,031576
23/10/2024; 18:49:55;2;1,068694;0,902072;0,978218;1,038588;1,061353
23/10/2024; 18:49:55;2;1,068694;0,902072;0,978218;1,038588;1,061353
23/10/2024; 18:49:55;2;1,461932;1,14408;1,042037;1,074961;1,109146
23/10/2024; 18:49:55;2;1,006047;1,162402;1,138975;1,091503;1,032237
23/10/2024; 18:49:55;2;0,668245;0,897839;1,038862;1,044829;1,02096
23/10/2024; 18:49:55;2;0,668245;0,897839;1,038862;1,044829;1,02096
23/10/2024; 18:49:55;2;1,016843;0,897045;0,92759;1,034459;1,040164
23/10/2024; 18:49:55;2;1,212889;0,965992;0,976006;0,98465;1,064197
23/10/2024; 18:49:55;2;1,212889;0,965992;0,976006;0,98465;1,064197
23/10/2024; 18:49:56;2;1,325985;1,185239;1,05599;1,046002;1,041539
23/10/2024; 18:49:56;2;1,015975;1,18495;1,142923;1,047987;1,040997
23/10/2024; 18:49:56;2;0,695561;1,012507;1,062602;1,05345;0,98925
23/10/2024; 18:49:56;2;1,107998;0,939844;1,03638;1,071681;1,062542
23/10/2024; 18:49:56;2;1,107998;0,939844;1,03638;1,071681;1,062542
23/10/2024; 18:49:56;2;1,24886;1,017473;1,017098;1,078876;1,101211
23/10/2024; 18:49:56;2;1,304481;1,220446;1,089225;1,074575;1,116477
23/10/2024; 18:49:56;2;1,08031;1,211217;1,185412;1,087442;1,075531
23/10/2024; 18:49:56;2;1,08031;1,211217;1,185412;1,087442;1,075531
23/10/2024; 18:49:56;2;0,68312;1,022637;1,079193;1,084954;1,020055
23/10/2024; 18:49:56;2;0,994292;0,919241;1,015551;1,062213;1,069844
23/10/2024; 18:49:57;2;1,202297;0,959903;0,990005;1,0529;1,08556
23/10/2024; 18:49:57;2;1,244568;1,147052;1,031069;1,040918;1,084845
23/10/2024; 18:49:57;2;1,085694;1,17752;1,131713;1,041994;1,04838
23/10/2024; 18:49:57;2;1,085694;1,17752;1,131713;1,041994;1,04838
23/10/2024; 18:49:57;2;0,730175;1,020146;1,065684;1,051405;0,990024
23/10/2024; 18:49:57;2;0,810965;0,875611;0,967851;1,01474;1,011332
23/10/2024; 18:49:57;2;0,810965;0,875611;0,967851;1,01474;1,011332
23/10/2024; 18:49:57;2;1,225678;0,922273;0,963128;1,019416;1,049896
23/10/2024; 18:49:57;2;1,479067;1,171903;1,061471;1,066316;1,096025
23/10/2024; 18:49:57;2;1,083084;1,26261;1,149698;1,065794;1,069111
23/10/2024; 18:49:57;2;0,76286;1,108337;1,137672;1,072331;1,015305
23/10/2024; 18:49:57;2;0,76286;1,108337;1,137672;1,072331;1,015305
23/10/2024; 18:49:57;2;0,708734;0,85156;1,008437;1,051885;1,011732
23/10/2024; 18:49:58;2;1,090352;0,853982;0,911258;1,02482;1,058296
23/10/2024; 18:49:58;2;1,232922;1,22285;1,094321;1,028029;1,037205
