<?xml version="1.0" encoding="utf-8"?>
<!--/2171642/1207301/2.50/13/4/Connector/-->
<quadcept_library>
  <setting unit="mil" />
  <textstyle name="Default" height="47.244094488189" strokewidth="7.8740157480315" charwidth="47.244094488189" />
  <textstyle name="Dimension" height="19.6850393700787" strokewidth="0" charwidth="19.6850393700787" />
  <textstyle name="H127W0635TH00762" height="50" strokewidth="3" charwidth="25" />
  <textstyle name="H15W15TH02" height="59.0551181102362" strokewidth="7.8740157480315" charwidth="59.0551181102362" />
  <padstyle name="r140_70" surface="True" plated="False" isvia="False" nopaste="False" nomask="True" complex="False" holesize="0">
    <padshape layer="TOP" shape="rectangle" width="27.55905511811" height="55.11811023622" />
    <padshape layer="TOP_SOLDER_MASK" shape="rectangle" width="35.433070866141" height="62.992125984251" />
    <padshape layer="TOP_SOLDER_PASTE" shape="rectangle" width="27.55905511811" height="55.11811023622" />
  </padstyle>
  <padstyle name="c45_h90" surface="False" plated="True" isvia="False" nopaste="True" nomask="True" complex="False" holesize="35.433070866141">
    <padshape layer="TOP" shape="round" width="17.716535433071" height="17.716535433071" />
    <padshape layer="TOP_SOLDER_MASK" shape="round" width="25.590551181102" height="25.590551181102" />
    <padshape layer="INNER" shape="round" width="17.716535433071" height="17.716535433071" />
    <padshape layer="BOTTOM" shape="round" width="17.716535433071" height="17.716535433071" />
    <padshape layer="BOTTOM_SOLDER_MASK" shape="round" width="25.590551181102" height="25.590551181102" />
  </padstyle>
  <padstyle name="r160_140" surface="True" plated="False" isvia="False" nopaste="False" nomask="True" complex="False" holesize="0">
    <padshape layer="TOP" shape="rectangle" width="55.11811023622" height="62.992125984251" />
    <padshape layer="TOP_SOLDER_MASK" shape="rectangle" width="62.992125984251" height="70.866141732283" />
    <padshape layer="TOP_SOLDER_PASTE" shape="rectangle" width="55.11811023622" height="62.992125984251" />
  </padstyle>
  <padstyle name="r220_120" surface="True" plated="False" isvia="False" nopaste="False" nomask="True" complex="False" holesize="0">
    <padshape layer="TOP" shape="rectangle" width="47.244094488188" height="86.614173228345" />
    <padshape layer="TOP_SOLDER_MASK" shape="rectangle" width="55.11811023622" height="94.488188976377" />
    <padshape layer="TOP_SOLDER_PASTE" shape="rectangle" width="47.244094488188" height="86.614173228345" />
  </padstyle>
  <footprint name="TF15X15" originx="0" originy="0" pickpointx="0" pickpointy="0">
    <pcbpin number="1" name="1" style="r140_70" originx="97.440944881889" originy="273.62204724409" rotation="0" />
    <pcbpin number="2" name="2" style="r140_70" originx="54.133858267716" originy="273.62204724409" rotation="0" />
    <pcbpin number="3" name="3" style="r140_70" originx="10.826771653543" originy="273.62204724409" rotation="0" />
    <pcbpin number="4" name="4" style="r140_70" originx="-32.48031496063" originy="273.62204724409" rotation="0" />
    <pcbpin number="5" name="5" style="r140_70" originx="-75.787401574802" originy="273.62204724409" rotation="0" />
    <pcbpin number="6" name="6" style="r140_70" originx="-119.09448818897" originy="273.62204724409" rotation="0" />
    <pcbpin number="7" name="7" style="r140_70" originx="-162.40157480315" originy="273.62204724409" rotation="0" />
    <pcbpin number="8" name="8" style="r140_70" originx="-205.70866141732" originy="273.62204724409" rotation="0" />
    <pcbpin number="9" name="9" style="r140_70" originx="-249.01574803149" originy="273.62204724409" rotation="0" />
    <pcbpin number="10" name="14" style="c45_h90" originx="-186.02362204724" originy="-143.70078740157" rotation="90" />
    <pcbpin number="11" name="15" style="c45_h90" originx="128.93700787401" originy="-143.70078740157" rotation="90" />
    <pcbpin number="12" name="MP1" style="r160_140" originx="-306.10236220472" originy="250" rotation="90" />
    <pcbpin number="13" name="MP2" style="r160_140" originx="278.54330708661" originy="250" rotation="90" />
    <pcbpin number="14" name="MP3" style="r220_120" originx="-296.25984251968" originy="-127.95275590551" rotation="0" />
    <pcbpin number="15" name="MP4" style="r220_120" originx="313.97637795275" originy="-127.95275590551" rotation="0" />
    <line layer="TOP_ASSEMBLY" originx="-281.49606299212" originy="269.68503937008" endx="299.21259842519" endy="269.68503937008" width="7.8740157480314" />
    <line layer="TOP_ASSEMBLY" originx="299.21259842519" originy="269.68503937008" endx="299.21259842519" endy="-301.1811023622" width="7.8740157480314" />
    <line layer="TOP_ASSEMBLY" originx="299.21259842519" originy="-301.1811023622" endx="-281.49606299212" endy="-301.1811023622" width="7.8740157480314" />
    <line layer="TOP_ASSEMBLY" originx="-281.49606299212" originy="-301.1811023622" endx="-281.49606299212" endy="269.68503937008" width="7.8740157480314" />
    <line layer="TOP_PLACE_BOUND" originx="-376.968503937" originy="340.55118110236" endx="376.968503937" endy="340.55118110236" width="3.9370078740157" />
    <line layer="TOP_PLACE_BOUND" originx="376.968503937" originy="340.55118110236" endx="376.968503937" endy="-340.55118110236" width="3.9370078740157" />
    <line layer="TOP_PLACE_BOUND" originx="376.968503937" originy="-340.55118110236" endx="-376.968503937" endy="-340.55118110236" width="3.9370078740157" />
    <line layer="TOP_PLACE_BOUND" originx="-376.968503937" originy="-340.55118110236" endx="-376.968503937" endy="340.55118110236" width="3.9370078740157" />
    <line layer="TOP_SILKSCREEN" originx="-281.49606299212" originy="210.62992125984" endx="-281.49606299212" endy="-72.83464566929" width="3.9370078740157" />
    <line layer="TOP_SILKSCREEN" originx="-281.49606299212" originy="-179.13385826771" endx="-281.49606299212" endy="-301.1811023622" width="3.9370078740157" />
    <line layer="TOP_SILKSCREEN" originx="-281.49606299212" originy="-301.1811023622" endx="299.21259842519" endy="-301.1811023622" width="3.9370078740157" />
    <line layer="TOP_SILKSCREEN" originx="299.21259842519" originy="-301.1811023622" endx="299.21259842519" endy="-179.13385826771" width="3.9370078740157" />
    <line layer="TOP_SILKSCREEN" originx="299.21259842519" originy="-72.83464566929" endx="299.21259842519" endy="210.62992125984" width="3.9370078740157" />
    <line layer="TOP_SILKSCREEN" originx="240.15748031496" originy="269.68503937008" endx="122.04724409449" endy="269.68503937008" width="3.9370078740157" />
    <line layer="TOP_SILKSCREEN" originx="94.488188976377" originy="320.86614173228" endx="94.488188976377" endy="320.86614173228" width="7.8740157480314" />
    <arc layer="TOP_SILKSCREEN" originx="98.425196850392" originy="320.86614173228" startangle="180.0" sweepangle="180.0" radius="3.9370078740157" width="7.8740157480314" />
    <line layer="TOP_SILKSCREEN" originx="102.36220472441" originy="320.86614173228" endx="102.36220472441" endy="320.86614173228" width="7.8740157480314" />
    <arc layer="TOP_SILKSCREEN" originx="98.425196850392" originy="320.86614173228" startangle=".0" sweepangle="180.0" radius="3.9370078740157" width="7.8740157480314" />
  </footprint>
  <symbol name="TF-15X15" originx="0" originy="0">
    <line originx="200" originy="100" endx="1400" endy="100" width="0" />
    <line originx="1400" originy="-700" endx="1400" endy="100" width="0" />
    <line originx="1400" originy="-700" endx="200" endy="-700" width="0" />
    <line originx="200" originy="100" endx="200" endy="-700" width="0" />
    <sympin number="1" originx="200" originy="0" rotation="180" length="100" width="7.8740157480315" flipped="False">
      <text name="pinname" originx="230" originy="0" style="Default" rotation="0" justify="left" flipped="False" hidden="False" data="DAT2" />
      <text name="pindes" originx="140" originy="20" style="Default" rotation="0" justify="lowerright" flipped="False" hidden="False" data="1" />
    </sympin>
    <sympin number="2" originx="200" originy="-100" rotation="180" length="100" width="7.8740157480315" flipped="False">
      <text name="pinname" originx="230" originy="-100" style="Default" rotation="0" justify="left" flipped="False" hidden="False" data="CD/DAT3" />
      <text name="pindes" originx="140" originy="-80" style="Default" rotation="0" justify="lowerright" flipped="False" hidden="False" data="2" />
    </sympin>
    <sympin number="3" originx="200" originy="-200" rotation="180" length="100" width="7.8740157480315" flipped="False">
      <text name="pinname" originx="230" originy="-200" style="Default" rotation="0" justify="left" flipped="False" hidden="False" data="CMD" />
      <text name="pindes" originx="140" originy="-180" style="Default" rotation="0" justify="lowerright" flipped="False" hidden="False" data="3" />
    </sympin>
    <sympin number="4" originx="200" originy="-300" rotation="180" length="100" width="7.8740157480315" flipped="False">
      <text name="pinname" originx="230" originy="-300" style="Default" rotation="0" justify="left" flipped="False" hidden="False" data="VDD" />
      <text name="pindes" originx="140" originy="-280" style="Default" rotation="0" justify="lowerright" flipped="False" hidden="False" data="4" />
    </sympin>
    <sympin number="5" originx="200" originy="-400" rotation="180" length="100" width="7.8740157480315" flipped="False">
      <text name="pinname" originx="230" originy="-400" style="Default" rotation="0" justify="left" flipped="False" hidden="False" data="CLX" />
      <text name="pindes" originx="140" originy="-380" style="Default" rotation="0" justify="lowerright" flipped="False" hidden="False" data="5" />
    </sympin>
    <sympin number="6" originx="200" originy="-500" rotation="180" length="100" width="7.8740157480315" flipped="False">
      <text name="pinname" originx="230" originy="-500" style="Default" rotation="0" justify="left" flipped="False" hidden="False" data="VSS" />
      <text name="pindes" originx="140" originy="-480" style="Default" rotation="0" justify="lowerright" flipped="False" hidden="False" data="6" />
    </sympin>
    <sympin number="7" originx="200" originy="-600" rotation="180" length="100" width="7.8740157480315" flipped="False">
      <text name="pinname" originx="230" originy="-600" style="Default" rotation="0" justify="left" flipped="False" hidden="False" data="DAT0" />
      <text name="pindes" originx="140" originy="-580" style="Default" rotation="0" justify="lowerright" flipped="False" hidden="False" data="7" />
    </sympin>
    <sympin number="8" originx="1400" originy="0" rotation="0" length="100" width="7.8740157480315" flipped="False">
      <text name="pinname" originx="1370" originy="0" style="Default" rotation="0" justify="right" flipped="False" hidden="False" data="DAT1" />
      <text name="pindes" originx="1460" originy="20" style="Default" rotation="0" justify="lowerleft" flipped="False" hidden="False" data="8" />
    </sympin>
    <sympin number="9" originx="1400" originy="-100" rotation="0" length="100" width="7.8740157480315" flipped="False">
      <text name="pinname" originx="1370" originy="-100" style="Default" rotation="0" justify="right" flipped="False" hidden="False" data="CARD_DETECT" />
      <text name="pindes" originx="1460" originy="-80" style="Default" rotation="0" justify="lowerleft" flipped="False" hidden="False" data="9" />
    </sympin>
    <sympin number="10" originx="1400" originy="-200" rotation="0" length="100" width="7.8740157480315" flipped="False">
      <text name="pinname" originx="1370" originy="-200" style="Default" rotation="0" justify="right" flipped="False" hidden="False" data="MP1" />
      <text name="pindes" originx="1460" originy="-180" style="Default" rotation="0" justify="lowerleft" flipped="False" hidden="False" data="MP1" />
    </sympin>
    <sympin number="11" originx="1400" originy="-300" rotation="0" length="100" width="7.8740157480315" flipped="False">
      <text name="pinname" originx="1370" originy="-300" style="Default" rotation="0" justify="right" flipped="False" hidden="False" data="MP2" />
      <text name="pindes" originx="1460" originy="-280" style="Default" rotation="0" justify="lowerleft" flipped="False" hidden="False" data="MP2" />
    </sympin>
    <sympin number="12" originx="1400" originy="-400" rotation="0" length="100" width="7.8740157480315" flipped="False">
      <text name="pinname" originx="1370" originy="-400" style="Default" rotation="0" justify="right" flipped="False" hidden="False" data="MP3" />
      <text name="pindes" originx="1460" originy="-380" style="Default" rotation="0" justify="lowerleft" flipped="False" hidden="False" data="MP3" />
    </sympin>
    <sympin number="13" originx="1400" originy="-500" rotation="0" length="100" width="7.8740157480315" flipped="False">
      <text name="pinname" originx="1370" originy="-500" style="Default" rotation="0" justify="right" flipped="False" hidden="False" data="MP4" />
      <text name="pindes" originx="1460" originy="-480" style="Default" rotation="0" justify="lowerleft" flipped="False" hidden="False" data="MP4" />
    </sympin>
  </symbol>
  <component name="TF-15X15" designatorprefix="J" height="72.83464566929" footprint="TF15X15">
    <comppin designator="1" sympin="1" pinswap="0" gateswap="0" gate="1" group="1" side="" type="Any" name="DAT2" />
    <comppin designator="2" sympin="2" pinswap="0" gateswap="0" gate="1" group="1" side="" type="Any" name="CD/DAT3" />
    <comppin designator="3" sympin="3" pinswap="0" gateswap="0" gate="1" group="1" side="" type="Any" name="CMD" />
    <comppin designator="4" sympin="4" pinswap="0" gateswap="0" gate="1" group="1" side="" type="Any" name="VDD" />
    <comppin designator="5" sympin="5" pinswap="0" gateswap="0" gate="1" group="1" side="" type="Any" name="CLX" />
    <comppin designator="6" sympin="6" pinswap="0" gateswap="0" gate="1" group="1" side="" type="Any" name="VSS" />
    <comppin designator="7" sympin="7" pinswap="0" gateswap="0" gate="1" group="1" side="" type="Any" name="DAT0" />
    <comppin designator="8" sympin="8" pinswap="0" gateswap="0" gate="1" group="1" side="" type="Any" name="DAT1" />
    <comppin designator="9" sympin="9" pinswap="0" gateswap="0" gate="1" group="1" side="" type="Any" name="CARD_DETECT" />
    <comppin designator="MP1" sympin="10" pinswap="0" gateswap="0" gate="1" group="1" side="" type="Any" name="MP1" />
    <comppin designator="MP2" sympin="11" pinswap="0" gateswap="0" gate="1" group="1" side="" type="Any" name="MP2" />
    <comppin designator="MP3" sympin="12" pinswap="0" gateswap="0" gate="1" group="1" side="" type="Any" name="MP3" />
    <comppin designator="MP4" sympin="13" pinswap="0" gateswap="0" gate="1" group="1" side="" type="Any" name="MP4" />
    <attached_symbol gate="1" name="TF-15X15" />
    <pinmap designator="1" footprintpin="1" />
    <pinmap designator="2" footprintpin="2" />
    <pinmap designator="3" footprintpin="3" />
    <pinmap designator="4" footprintpin="4" />
    <pinmap designator="5" footprintpin="5" />
    <pinmap designator="6" footprintpin="6" />
    <pinmap designator="7" footprintpin="7" />
    <pinmap designator="8" footprintpin="8" />
    <pinmap designator="9" footprintpin="9" />
    <pinmap designator="MP1" footprintpin="10" />
    <pinmap designator="MP2" footprintpin="11" />
    <pinmap designator="MP3" footprintpin="12" />
    <pinmap designator="MP4" footprintpin="13" />
    <text name="Datasheet" originx="0" originy="0" style="Default" rotation="0" justify="" flipped="False" hidden="True" data="https://datasheet.lcsc.com/szlcsc/SOFNG-TF-15-15_C111196.pdf" />
    <text name="Description" originx="0" originy="0" style="Default" rotation="0" justify="" flipped="False" hidden="True" data="Micro-SD Card Socket" />
    <text name="Manufacturer_Name" originx="0" originy="0" style="Default" rotation="0" justify="" flipped="False" hidden="True" data="SOFNG" />
    <text name="Manufacturer_Part_Number" originx="1450" originy="200" style="Default" rotation="0" justify="left" flipped="False" hidden="False" data="TF-15X15" />
    <text name="Mouser Part Number" originx="0" originy="0" style="Default" rotation="0" justify="" flipped="False" hidden="True" data="" />
    <text name="Mouser Price/Stock" originx="0" originy="0" style="Default" rotation="0" justify="" flipped="False" hidden="True" data="" />
    <text name="Arrow Part Number" originx="0" originy="0" style="Default" rotation="0" justify="" flipped="False" hidden="True" data="" />
    <text name="Arrow Price/Stock" originx="0" originy="0" style="Default" rotation="0" justify="" flipped="False" hidden="True" data="" />
  </component>
</quadcept_library>
