<?xml version="1.0" encoding="utf-8"?>
<!--/16679996/1207301/2.50/16/3/Connector/-->
<quadcept_library>
  <setting unit="mil" />
  <textstyle name="Default" height="47.244094488189" strokewidth="7.8740157480315" charwidth="47.244094488189" />
  <textstyle name="Dimension" height="19.6850393700787" strokewidth="0" charwidth="19.6850393700787" />
  <textstyle name="H127W0635TH00762" height="50" strokewidth="3" charwidth="25" />
  <textstyle name="H15W15TH02" height="59.0551181102362" strokewidth="7.8740157480315" charwidth="59.0551181102362" />
  <padstyle name="r125_30" surface="True" plated="False" isvia="False" nopaste="False" nomask="True" complex="False" holesize="0">
    <padshape layer="TOP" shape="rectangle" width="11.811023622047" height="49.212598425196" />
    <padshape layer="TOP_SOLDER_MASK" shape="rectangle" width="19.685039370078" height="57.086614173228" />
    <padshape layer="TOP_SOLDER_PASTE" shape="rectangle" width="11.811023622047" height="49.212598425196" />
  </padstyle>
  <padstyle name="r125_60" surface="True" plated="False" isvia="False" nopaste="False" nomask="True" complex="False" holesize="0">
    <padshape layer="TOP" shape="rectangle" width="23.622047244094" height="49.212598425196" />
    <padshape layer="TOP_SOLDER_MASK" shape="rectangle" width="31.496062992126" height="57.086614173228" />
    <padshape layer="TOP_SOLDER_PASTE" shape="rectangle" width="23.622047244094" height="49.212598425196" />
  </padstyle>
  <padstyle name="c40_h80" surface="False" plated="True" isvia="False" nopaste="True" nomask="True" complex="False" holesize="31.496062992126">
    <padshape layer="TOP" shape="round" width="15.748031496063" height="15.748031496063" />
    <padshape layer="TOP_SOLDER_MASK" shape="round" width="23.622047244094" height="23.622047244094" />
    <padshape layer="INNER" shape="round" width="15.748031496063" height="15.748031496063" />
    <padshape layer="BOTTOM" shape="round" width="15.748031496063" height="15.748031496063" />
    <padshape layer="BOTTOM_SOLDER_MASK" shape="round" width="23.622047244094" height="23.622047244094" />
  </padstyle>
  <padstyle name="c200_h171" surface="False" plated="True" isvia="False" nopaste="True" nomask="True" complex="False" holesize="67.322834645668">
    <padshape layer="TOP" shape="round" width="78.740157480314" height="78.740157480314" />
    <padshape layer="TOP_SOLDER_MASK" shape="round" width="86.614173228345" height="86.614173228345" />
    <padshape layer="INNER" shape="round" width="78.740157480314" height="78.740157480314" />
    <padshape layer="BOTTOM" shape="round" width="78.740157480314" height="78.740157480314" />
    <padshape layer="BOTTOM_SOLDER_MASK" shape="round" width="86.614173228345" height="86.614173228345" />
  </padstyle>
  <padstyle name="c256.5_h171" surface="False" plated="True" isvia="False" nopaste="True" nomask="True" complex="False" holesize="67.322834645668">
    <padshape layer="TOP" shape="round" width="100.9842519685" height="100.9842519685" />
    <padshape layer="TOP_SOLDER_MASK" shape="round" width="108.85826771653" height="108.85826771653" />
    <padshape layer="INNER" shape="round" width="100.9842519685" height="100.9842519685" />
    <padshape layer="BOTTOM" shape="round" width="100.9842519685" height="100.9842519685" />
    <padshape layer="BOTTOM_SOLDER_MASK" shape="round" width="108.85826771653" height="108.85826771653" />
  </padstyle>
  <footprint name="USB480003A" originx="0" originy="0" pickpointx="0" pickpointy="0">
    <pcbpin number="1" name="A1" style="r125_60" originx="-125.9842519685" originy="144.68503937008" rotation="0" />
    <pcbpin number="2" name="A4" style="r125_60" originx="-94.488188976377" originy="144.68503937008" rotation="0" />
    <pcbpin number="3" name="A5" style="r125_30" originx="-49.212598425196" originy="144.68503937008" rotation="0" />
    <pcbpin number="4" name="A6" style="r125_30" originx="-9.8425196850392" originy="144.68503937008" rotation="0" />
    <pcbpin number="5" name="A7" style="r125_30" originx="9.8425196850392" originy="144.68503937008" rotation="0" />
    <pcbpin number="6" name="A8" style="r125_30" originx="49.212598425196" originy="144.68503937008" rotation="0" />
    <pcbpin number="7" name="A9" style="r125_60" originx="94.488188976377" originy="144.68503937008" rotation="0" />
    <pcbpin number="8" name="A12" style="r125_60" originx="125.9842519685" originy="144.68503937008" rotation="0" />
    <pcbpin number="9" name="B5" style="r125_30" originx="68.897637795275" originy="144.68503937008" rotation="0" />
    <pcbpin number="10" name="B6" style="r125_30" originx="29.527559055118" originy="144.68503937008" rotation="0" />
    <pcbpin number="11" name="B7" style="r125_30" originx="-29.527559055118" originy="144.68503937008" rotation="0" />
    <pcbpin number="12" name="B8" style="r125_30" originx="-68.897637795275" originy="144.68503937008" rotation="0" />
    <pcbpin number="13" name="MH1" style="c40_h80" originx="-129.92125984252" originy="99.999999999999" rotation="90" />
    <pcbpin number="14" name="MH2" style="c40_h80" originx="129.92125984252" originy="99.999999999999" rotation="90" />
    <pcbpin number="15" name="MH3" style="c200_h171" originx="-181.49606299212" originy="122.04724409449" rotation="90" />
    <pcbpin number="16" name="MH4" style="c200_h171" originx="181.49606299212" originy="122.04724409449" rotation="90" />
    <pcbpin number="17" name="MH5" style="c256.5_h171" originx="-181.49606299212" originy="-55.11811023622" rotation="90" />
    <pcbpin number="18" name="MH6" style="c256.5_h171" originx="181.49606299212" originy="-55.11811023622" rotation="90" />
    <line layer="TOP_ASSEMBLY" originx="-186.41732283464" originy="145.66929133858" endx="186.41732283464" endy="145.66929133858" width="3.9370078740157" />
    <line layer="TOP_ASSEMBLY" originx="186.41732283464" originy="145.66929133858" endx="186.41732283464" endy="-129.92125984252" width="3.9370078740157" />
    <line layer="TOP_ASSEMBLY" originx="186.41732283464" originy="-129.92125984252" endx="-186.41732283464" endy="-129.92125984252" width="3.9370078740157" />
    <line layer="TOP_ASSEMBLY" originx="-186.41732283464" originy="-129.92125984252" endx="-186.41732283464" endy="145.66929133858" width="3.9370078740157" />
    <line layer="TOP_PLACE_BOUND" originx="-271.3779527559" originy="208.66141732283" endx="271.3779527559" endy="208.66141732283" width="3.9370078740157" />
    <line layer="TOP_PLACE_BOUND" originx="271.3779527559" originy="208.66141732283" endx="271.3779527559" endy="-208.66141732283" width="3.9370078740157" />
    <line layer="TOP_PLACE_BOUND" originx="271.3779527559" originy="-208.66141732283" endx="-271.3779527559" endy="-208.66141732283" width="3.9370078740157" />
    <line layer="TOP_PLACE_BOUND" originx="-271.3779527559" originy="-208.66141732283" endx="-271.3779527559" endy="208.66141732283" width="3.9370078740157" />
    <line layer="TOP_ASSEMBLY" originx="-186.41732283464" originy="-169.29133858268" endx="186.41732283464" endy="-169.29133858268" width="3.9370078740157" />
    <line layer="TOP_ASSEMBLY" originx="186.41732283464" originy="-169.29133858268" endx="186.41732283464" endy="-159.44881889764" width="3.9370078740157" />
    <line layer="TOP_ASSEMBLY" originx="186.41732283464" originy="-159.44881889764" endx="-186.41732283464" endy="-159.44881889764" width="3.9370078740157" />
    <line layer="TOP_ASSEMBLY" originx="-186.41732283464" originy="-159.44881889764" endx="-186.41732283464" endy="-169.29133858268" width="3.9370078740157" />
    <line layer="TOP_ASSEMBLY" originx="-186.41732283464" originy="-169.29133858268" endx="-178.66141732283" endy="-169.29133858268" width="3.9370078740157" />
    <line layer="TOP_ASSEMBLY" originx="-186.41732283464" originy="-159.44881889764" endx="-186.41732283464" endy="-159.44881889764" width="3.9370078740157" />
    <line layer="TOP_ASSEMBLY" originx="-186.41732283464" originy="-159.44881889764" endx="-186.41732283464" endy="-159.44881889764" width="3.9370078740157" />
    <arc layer="TOP_ASSEMBLY" originx="-186.43700787401" originy="-150.88582677165" startangle="-90.0" sweepangle="64.8" radius="8.5629921259841" width="3.9370078740157" />
    <line layer="TOP_ASSEMBLY" originx="-178.66141732283" originy="-154.52755905512" endx="-178.66141732283" endy="-129.92125984252" width="3.9370078740157" />
    <line layer="TOP_SILKSCREEN" originx="-186.41732283464" originy="-159.44881889764" endx="-186.41732283464" endy="-159.44881889764" width="7.8740157480314" />
    <line layer="TOP_SILKSCREEN" originx="-186.41732283464" originy="-159.44881889764" endx="-186.41732283464" endy="-159.44881889764" width="7.8740157480314" />
    <arc layer="TOP_SILKSCREEN" originx="-186.43700787401" originy="-150.88582677165" startangle="-90.0" sweepangle="64.8" radius="8.5629921259841" width="7.8740157480314" />
    <line layer="TOP_SILKSCREEN" originx="-178.66141732283" originy="-154.52755905512" endx="-178.66141732283" endy="-129.92125984252" width="7.8740157480314" />
    <line layer="TOP_SILKSCREEN" originx="178.66141732283" originy="-129.92125984252" endx="178.66141732283" endy="-154.52755905512" width="7.8740157480314" />
    <line layer="TOP_SILKSCREEN" originx="178.66141732283" originy="-154.52755905512" endx="178.66141732283" endy="-154.52755905512" width="7.8740157480314" />
    <arc layer="TOP_SILKSCREEN" originx="184.09448818897" originy="-154.52755905512" startangle="180.0" sweepangle="115.2" radius="5.4330708661417" width="7.8740157480314" />
    <line layer="TOP_ASSEMBLY" originx="-178.66141732283" originy="-149.6062992126" endx="178.66141732283" endy="-149.6062992126" width="3.9370078740157" />
    <line layer="TOP_SILKSCREEN" originx="-178.66141732283" originy="-149.6062992126" endx="178.66141732283" endy="-149.6062992126" width="7.8740157480314" />
    <line layer="TOP_SILKSCREEN" originx="-38.818897637795" originy="-159.44881889764" endx="-186.41732283464" endy="-159.44881889764" width="7.8740157480314" />
    <line layer="TOP_SILKSCREEN" originx="-186.41732283464" originy="-159.44881889764" endx="-186.41732283464" endy="-169.29133858268" width="7.8740157480314" />
    <line layer="TOP_SILKSCREEN" originx="-186.41732283464" originy="-169.29133858268" endx="186.41732283464" endy="-169.29133858268" width="7.8740157480314" />
    <line layer="TOP_SILKSCREEN" originx="186.41732283464" originy="-169.29133858268" endx="186.41732283464" endy="-159.44881889764" width="7.8740157480314" />
    <line layer="TOP_SILKSCREEN" originx="186.41732283464" originy="-159.44881889764" endx="-38.818897637795" endy="-159.44881889764" width="7.8740157480314" />
    <line layer="TOP_SILKSCREEN" originx="-186.41732283464" originy="-115.15748031496" endx="-186.41732283464" endy="-129.92125984252" width="7.8740157480314" />
    <line layer="TOP_SILKSCREEN" originx="-186.41732283464" originy="-129.92125984252" endx="186.41732283464" endy="-129.92125984252" width="7.8740157480314" />
    <line layer="TOP_SILKSCREEN" originx="186.41732283464" originy="-129.92125984252" endx="186.41732283464" endy="-115.15748031496" width="7.8740157480314" />
    <line layer="TOP_SILKSCREEN" originx="-186.41732283464" originy="71.850393700787" endx="-186.41732283464" endy="2.9527559055118" width="7.8740157480314" />
    <line layer="TOP_SILKSCREEN" originx="186.41732283464" originy="2.9527559055118" endx="186.41732283464" endy="71.850393700787" width="7.8740157480314" />
    <line layer="TOP_SILKSCREEN" originx="-131.88976377953" originy="188.97637795275" endx="-131.88976377953" endy="188.97637795275" width="3.9370078740157" />
    <arc layer="TOP_SILKSCREEN" originx="-131.88976377953" originy="187.00787401575" startangle="90.0" sweepangle="180.0" radius="1.9685039370078" width="3.9370078740157" />
    <line layer="TOP_SILKSCREEN" originx="-131.88976377953" originy="185.03937007874" endx="-131.88976377953" endy="185.03937007874" width="3.9370078740157" />
    <arc layer="TOP_SILKSCREEN" originx="-131.88976377953" originy="187.00787401575" startangle="-90.0" sweepangle="180.0" radius="1.9685039370078" width="3.9370078740157" />
    <line layer="TOP_SILKSCREEN" originx="-124.29133858268" originy="-169.29133858268" endx="-124.29133858268" endy="-129.92125984252" width="7.8740157480314" />
    <line layer="TOP_SILKSCREEN" originx="0" originy="-169.29133858268" endx="0" endy="-129.92125984252" width="7.8740157480314" />
    <line layer="TOP_SILKSCREEN" originx="124.29133858268" originy="-169.29133858268" endx="124.29133858268" endy="-129.92125984252" width="7.8740157480314" />
    <line layer="TOP_SILKSCREEN" originx="-141.73228346457" originy="63.503937007873" endx="-70.866141732283" endy="63.503937007873" width="7.8740157480314" />
    <line layer="TOP_SILKSCREEN" originx="-70.866141732283" originy="63.503937007873" endx="-70.866141732283" endy="47.244094488188" width="7.8740157480314" />
    <line layer="TOP_SILKSCREEN" originx="-70.866141732283" originy="47.244094488188" endx="-141.73228346457" endy="47.244094488188" width="7.8740157480314" />
    <line layer="TOP_SILKSCREEN" originx="-141.73228346457" originy="47.244094488188" endx="-141.73228346457" endy="62.992125984251" width="7.8740157480314" />
    <line layer="TOP_SILKSCREEN" originx="-141.73228346457" originy="62.992125984251" endx="-133.85826771653" endy="62.992125984251" width="7.8740157480314" />
    <line layer="TOP_SILKSCREEN" originx="-165.35433070866" originy="55.11811023622" endx="-165.35433070866" endy="55.11811023622" width="3.9370078740157" />
    <arc layer="TOP_SILKSCREEN" originx="-161.41732283464" originy="55.11811023622" startangle="180.0" sweepangle="180.0" radius="3.9370078740157" width="3.9370078740157" />
    <line layer="TOP_SILKSCREEN" originx="-157.48031496063" originy="55.11811023622" endx="-157.48031496063" endy="55.11811023622" width="3.9370078740157" />
    <arc layer="TOP_SILKSCREEN" originx="-161.41732283464" originy="55.11811023622" startangle=".0" sweepangle="180.0" radius="3.9370078740157" width="3.9370078740157" />
    <line layer="TOP_SILKSCREEN" originx="-120.07874015748" originy="63.503937007873" endx="-120.07874015748" endy="47.244094488188" width="7.8740157480314" />
    <line layer="TOP_SILKSCREEN" originx="-110.23622047244" originy="62.992125984251" endx="-110.23622047244" endy="47.244094488188" width="7.8740157480314" />
    <line layer="TOP_SILKSCREEN" originx="-94.488188976377" originy="62.992125984251" endx="-94.488188976377" endy="47.244094488188" width="7.8740157480314" />
    <line layer="TOP_SILKSCREEN" originx="-133.85826771653" originy="62.992125984251" endx="-133.85826771653" endy="47.244094488188" width="7.8740157480314" />
    <line layer="TOP_SILKSCREEN" originx="-110.23622047244" originy="-86.614173228345" endx="-70.866141732283" endy="-86.614173228345" width="7.8740157480314" />
    <line layer="TOP_SILKSCREEN" originx="-70.866141732283" originy="-86.614173228345" endx="-70.866141732283" endy="-86.614173228345" width="7.8740157480314" />
    <arc layer="TOP_SILKSCREEN" originx="-70.866141732283" originy="-78.740157480314" startangle="-90.0" sweepangle="180.0" radius="7.8740157480314" width="7.8740157480314" />
    <line layer="TOP_SILKSCREEN" originx="-70.866141732283" originy="-70.866141732283" endx="-110.23622047244" endy="-70.866141732283" width="7.8740157480314" />
    <line layer="TOP_SILKSCREEN" originx="-110.23622047244" originy="-70.866141732283" endx="-110.23622047244" endy="-70.866141732283" width="7.8740157480314" />
    <arc layer="TOP_SILKSCREEN" originx="-110.23622047244" originy="-78.740157480314" startangle="90.0" sweepangle="180.0" radius="7.8740157480314" width="7.8740157480314" />
    <line layer="TOP_SILKSCREEN" originx="94.488188976377" originy="-86.614173228345" endx="39.370078740157" endy="-86.614173228345" width="7.8740157480314" />
    <line layer="TOP_SILKSCREEN" originx="39.370078740157" originy="-86.614173228345" endx="39.370078740157" endy="-70.866141732283" width="7.8740157480314" />
    <line layer="TOP_SILKSCREEN" originx="39.370078740157" originy="-70.866141732283" endx="102.36220472441" endy="-70.866141732283" width="7.8740157480314" />
    <line layer="TOP_SILKSCREEN" originx="102.36220472441" originy="-70.866141732283" endx="102.36220472441" endy="-86.614173228345" width="7.8740157480314" />
    <line layer="TOP_SILKSCREEN" originx="102.36220472441" originy="-86.614173228345" endx="94.488188976377" endy="-86.614173228345" width="7.8740157480314" />
    <line layer="TOP_SILKSCREEN" originx="55.11811023622" originy="-86.614173228345" endx="55.11811023622" endy="-70.866141732283" width="7.8740157480314" />
    <line layer="TOP_SILKSCREEN" originx="70.866141732283" originy="-86.614173228345" endx="70.866141732283" endy="-70.866141732283" width="7.8740157480314" />
    <line layer="TOP_SILKSCREEN" originx="88.582677165353" originy="-86.614173228345" endx="88.582677165353" endy="-70.866141732283" width="7.8740157480314" />
    <line layer="TOP_SILKSCREEN" originx="118.11023622047" originy="-78.740157480314" endx="118.11023622047" endy="-78.740157480314" width="3.9370078740157" />
    <arc layer="TOP_SILKSCREEN" originx="114.17322834646" originy="-78.740157480314" startangle=".0" sweepangle="180.0" radius="3.9370078740157" width="3.9370078740157" />
    <line layer="TOP_SILKSCREEN" originx="110.23622047244" originy="-78.740157480314" endx="110.23622047244" endy="-78.740157480314" width="3.9370078740157" />
    <arc layer="TOP_SILKSCREEN" originx="114.17322834646" originy="-78.740157480314" startangle="180.0" sweepangle="180.0" radius="3.9370078740157" width="3.9370078740157" />
    <line layer="TOP_SILKSCREEN" originx="110.23622047244" originy="62.992125984251" endx="70.866141732283" endy="62.992125984251" width="7.8740157480314" />
    <line layer="TOP_SILKSCREEN" originx="70.866141732283" originy="62.992125984251" endx="70.866141732283" endy="62.992125984251" width="7.8740157480314" />
    <arc layer="TOP_SILKSCREEN" originx="70.866141732283" originy="55.11811023622" startangle="90.0" sweepangle="180.0" radius="7.8740157480314" width="7.8740157480314" />
    <line layer="TOP_SILKSCREEN" originx="70.866141732283" originy="47.244094488188" endx="110.23622047244" endy="47.244094488188" width="7.8740157480314" />
    <line layer="TOP_SILKSCREEN" originx="110.23622047244" originy="47.244094488188" endx="110.23622047244" endy="47.244094488188" width="7.8740157480314" />
    <arc layer="TOP_SILKSCREEN" originx="110.23622047244" originy="55.11811023622" startangle="-90.0" sweepangle="180.0" radius="7.8740157480314" width="7.8740157480314" />
  </footprint>
  <symbol name="USB4800-03-A" originx="0" originy="0">
    <line originx="200" originy="100" endx="1000" endy="100" width="0" />
    <line originx="1000" originy="-800" endx="1000" endy="100" width="0" />
    <line originx="1000" originy="-800" endx="200" endy="-800" width="0" />
    <line originx="200" originy="100" endx="200" endy="-800" width="0" />
    <sympin number="1" originx="200" originy="0" rotation="180" length="100" width="7.8740157480315" flipped="False">
      <text name="pinname" originx="230" originy="0" style="Default" rotation="0" justify="left" flipped="False" hidden="False" data="GND_1" />
      <text name="pindes" originx="140" originy="20" style="Default" rotation="0" justify="lowerright" flipped="False" hidden="False" data="A1" />
    </sympin>
    <sympin number="2" originx="200" originy="-100" rotation="180" length="100" width="7.8740157480315" flipped="False">
      <text name="pinname" originx="230" originy="-100" style="Default" rotation="0" justify="left" flipped="False" hidden="False" data="VBUS_1" />
      <text name="pindes" originx="140" originy="-80" style="Default" rotation="0" justify="lowerright" flipped="False" hidden="False" data="A4" />
    </sympin>
    <sympin number="3" originx="200" originy="-200" rotation="180" length="100" width="7.8740157480315" flipped="False">
      <text name="pinname" originx="230" originy="-200" style="Default" rotation="0" justify="left" flipped="False" hidden="False" data="CC1" />
      <text name="pindes" originx="140" originy="-180" style="Default" rotation="0" justify="lowerright" flipped="False" hidden="False" data="A5" />
    </sympin>
    <sympin number="4" originx="200" originy="-300" rotation="180" length="100" width="7.8740157480315" flipped="False">
      <text name="pinname" originx="230" originy="-300" style="Default" rotation="0" justify="left" flipped="False" hidden="False" data="DP1" />
      <text name="pindes" originx="140" originy="-280" style="Default" rotation="0" justify="lowerright" flipped="False" hidden="False" data="A6" />
    </sympin>
    <sympin number="5" originx="200" originy="-400" rotation="180" length="100" width="7.8740157480315" flipped="False">
      <text name="pinname" originx="230" originy="-400" style="Default" rotation="0" justify="left" flipped="False" hidden="False" data="DN1" />
      <text name="pindes" originx="140" originy="-380" style="Default" rotation="0" justify="lowerright" flipped="False" hidden="False" data="A7" />
    </sympin>
    <sympin number="6" originx="200" originy="-500" rotation="180" length="100" width="7.8740157480315" flipped="False">
      <text name="pinname" originx="230" originy="-500" style="Default" rotation="0" justify="left" flipped="False" hidden="False" data="SBU1" />
      <text name="pindes" originx="140" originy="-480" style="Default" rotation="0" justify="lowerright" flipped="False" hidden="False" data="A8" />
    </sympin>
    <sympin number="7" originx="200" originy="-600" rotation="180" length="100" width="7.8740157480315" flipped="False">
      <text name="pinname" originx="230" originy="-600" style="Default" rotation="0" justify="left" flipped="False" hidden="False" data="VBUS_2" />
      <text name="pindes" originx="140" originy="-580" style="Default" rotation="0" justify="lowerright" flipped="False" hidden="False" data="A9" />
    </sympin>
    <sympin number="8" originx="200" originy="-700" rotation="180" length="100" width="7.8740157480315" flipped="False">
      <text name="pinname" originx="230" originy="-700" style="Default" rotation="0" justify="left" flipped="False" hidden="False" data="GND_2" />
      <text name="pindes" originx="140" originy="-680" style="Default" rotation="0" justify="lowerright" flipped="False" hidden="False" data="A12" />
    </sympin>
    <sympin number="9" originx="1000" originy="0" rotation="0" length="100" width="7.8740157480315" flipped="False">
      <text name="pinname" originx="970" originy="0" style="Default" rotation="0" justify="right" flipped="False" hidden="False" data="CC2" />
      <text name="pindes" originx="1060" originy="20" style="Default" rotation="0" justify="lowerleft" flipped="False" hidden="False" data="B5" />
    </sympin>
    <sympin number="10" originx="1000" originy="-100" rotation="0" length="100" width="7.8740157480315" flipped="False">
      <text name="pinname" originx="970" originy="-100" style="Default" rotation="0" justify="right" flipped="False" hidden="False" data="DP2" />
      <text name="pindes" originx="1060" originy="-80" style="Default" rotation="0" justify="lowerleft" flipped="False" hidden="False" data="B6" />
    </sympin>
    <sympin number="11" originx="1000" originy="-200" rotation="0" length="100" width="7.8740157480315" flipped="False">
      <text name="pinname" originx="970" originy="-200" style="Default" rotation="0" justify="right" flipped="False" hidden="False" data="DN2" />
      <text name="pindes" originx="1060" originy="-180" style="Default" rotation="0" justify="lowerleft" flipped="False" hidden="False" data="B7" />
    </sympin>
    <sympin number="12" originx="1000" originy="-300" rotation="0" length="100" width="7.8740157480315" flipped="False">
      <text name="pinname" originx="970" originy="-300" style="Default" rotation="0" justify="right" flipped="False" hidden="False" data="SBU2" />
      <text name="pindes" originx="1060" originy="-280" style="Default" rotation="0" justify="lowerleft" flipped="False" hidden="False" data="B8" />
    </sympin>
    <sympin number="13" originx="1000" originy="-400" rotation="0" length="100" width="7.8740157480315" flipped="False">
      <text name="pinname" originx="970" originy="-400" style="Default" rotation="0" justify="right" flipped="False" hidden="False" data="MH3" />
      <text name="pindes" originx="1060" originy="-380" style="Default" rotation="0" justify="lowerleft" flipped="False" hidden="False" data="MH3" />
    </sympin>
    <sympin number="14" originx="1000" originy="-500" rotation="0" length="100" width="7.8740157480315" flipped="False">
      <text name="pinname" originx="970" originy="-500" style="Default" rotation="0" justify="right" flipped="False" hidden="False" data="MH4" />
      <text name="pindes" originx="1060" originy="-480" style="Default" rotation="0" justify="lowerleft" flipped="False" hidden="False" data="MH4" />
    </sympin>
    <sympin number="15" originx="1000" originy="-600" rotation="0" length="100" width="7.8740157480315" flipped="False">
      <text name="pinname" originx="970" originy="-600" style="Default" rotation="0" justify="right" flipped="False" hidden="False" data="MH5" />
      <text name="pindes" originx="1060" originy="-580" style="Default" rotation="0" justify="lowerleft" flipped="False" hidden="False" data="MH5" />
    </sympin>
    <sympin number="16" originx="1000" originy="-700" rotation="0" length="100" width="7.8740157480315" flipped="False">
      <text name="pinname" originx="970" originy="-700" style="Default" rotation="0" justify="right" flipped="False" hidden="False" data="MH6" />
      <text name="pindes" originx="1060" originy="-680" style="Default" rotation="0" justify="lowerleft" flipped="False" hidden="False" data="MH6" />
    </sympin>
  </symbol>
  <component name="USB4800-03-A" designatorprefix="J" height="219.68503937008" footprint="USB480003A">
    <comppin designator="A1" sympin="1" pinswap="0" gateswap="0" gate="1" group="1" side="" type="Any" name="GND_1" />
    <comppin designator="A4" sympin="2" pinswap="0" gateswap="0" gate="1" group="1" side="" type="Any" name="VBUS_1" />
    <comppin designator="A5" sympin="3" pinswap="0" gateswap="0" gate="1" group="1" side="" type="Any" name="CC1" />
    <comppin designator="A6" sympin="4" pinswap="0" gateswap="0" gate="1" group="1" side="" type="Any" name="DP1" />
    <comppin designator="A7" sympin="5" pinswap="0" gateswap="0" gate="1" group="1" side="" type="Any" name="DN1" />
    <comppin designator="A8" sympin="6" pinswap="0" gateswap="0" gate="1" group="1" side="" type="Any" name="SBU1" />
    <comppin designator="A9" sympin="7" pinswap="0" gateswap="0" gate="1" group="1" side="" type="Any" name="VBUS_2" />
    <comppin designator="A12" sympin="8" pinswap="0" gateswap="0" gate="1" group="1" side="" type="Any" name="GND_2" />
    <comppin designator="B5" sympin="9" pinswap="0" gateswap="0" gate="1" group="1" side="" type="Any" name="CC2" />
    <comppin designator="B6" sympin="10" pinswap="0" gateswap="0" gate="1" group="1" side="" type="Any" name="DP2" />
    <comppin designator="B7" sympin="11" pinswap="0" gateswap="0" gate="1" group="1" side="" type="Any" name="DN2" />
    <comppin designator="B8" sympin="12" pinswap="0" gateswap="0" gate="1" group="1" side="" type="Any" name="SBU2" />
    <comppin designator="MH3" sympin="13" pinswap="0" gateswap="0" gate="1" group="1" side="" type="Any" name="MH3" />
    <comppin designator="MH4" sympin="14" pinswap="0" gateswap="0" gate="1" group="1" side="" type="Any" name="MH4" />
    <comppin designator="MH5" sympin="15" pinswap="0" gateswap="0" gate="1" group="1" side="" type="Any" name="MH5" />
    <comppin designator="MH6" sympin="16" pinswap="0" gateswap="0" gate="1" group="1" side="" type="Any" name="MH6" />
    <attached_symbol gate="1" name="USB4800-03-A" />
    <pinmap designator="A1" footprintpin="1" />
    <pinmap designator="A4" footprintpin="2" />
    <pinmap designator="A5" footprintpin="3" />
    <pinmap designator="A6" footprintpin="4" />
    <pinmap designator="A7" footprintpin="5" />
    <pinmap designator="A8" footprintpin="6" />
    <pinmap designator="A9" footprintpin="7" />
    <pinmap designator="A12" footprintpin="8" />
    <pinmap designator="B5" footprintpin="9" />
    <pinmap designator="B6" footprintpin="10" />
    <pinmap designator="B7" footprintpin="11" />
    <pinmap designator="B8" footprintpin="12" />
    <pinmap designator="MH3" footprintpin="13" />
    <pinmap designator="MH4" footprintpin="14" />
    <pinmap designator="MH5" footprintpin="15" />
    <pinmap designator="MH6" footprintpin="16" />
    <text name="Datasheet" originx="0" originy="0" style="Default" rotation="0" justify="" flipped="False" hidden="True" data="https://gct.co/connector/usb4800" />
    <text name="Description" originx="0" originy="0" style="Default" rotation="0" justify="" flipped="False" hidden="True" data="USB Connectors USB2.0 Type C Rcpt, SMT, Hrz, 3.5mm elevated, 16 Pin" />
    <text name="Mouser Part Number" originx="0" originy="0" style="Default" rotation="0" justify="" flipped="False" hidden="True" data="640-USB4800-03-A" />
    <text name="Mouser Price/Stock" originx="0" originy="0" style="Default" rotation="0" justify="" flipped="False" hidden="True" data="https://www.mouser.co.uk/ProductDetail/GCT/USB4800-03-A?qs=vvQtp7zwQdMkfG8vViEZoQ%3D%3D" />
    <text name="Manufacturer_Name" originx="0" originy="0" style="Default" rotation="0" justify="" flipped="False" hidden="True" data="GCT (GLOBAL CONNECTOR TECHNOLOGY)" />
    <text name="Manufacturer_Part_Number" originx="1050" originy="200" style="Default" rotation="0" justify="left" flipped="False" hidden="False" data="USB4800-03-A" />
  </component>
</quadcept_library>
